Goods,Committed Quantity,Committed Timeline,Committed Cost,Actual Timeline,Actual Cost,Actual Quantity,Transaction Date,Transport Type,Vendor ID,Delay,Month,Quarter
Natural Gas,2077,9,3.7893678,13,3.8304068,1916,2022-01-02,Roadways,1010,4,1,1
Coal,2767,3,4.8671446,5,4.9109653,2706,2022-05-22,Railways,1012,2,5,2
Natural Gas,3286,2,3.7440073,3,3.7815043,2722,2022-07-05,Waterways,1014,1,7,3
Oil,3746,4,3.4861314,8,3.5013856,3736,2022-07-26,Roadways,1012,4,7,3
Oil,2364,4,4.7170671,6,4.7464249,2013,2022-12-09,Roadways,1002,2,12,4
Coal,3829,6,3.045877,8,3.0931165,3215,2022-07-17,Roadways,1005,2,7,3
Coal,4342,6,1.3614884,8,1.3922834,3561,2022-09-16,Waterways,1010,2,9,3
Oil,2293,5,2.4874176,8,2.5320394,2156,2022-07-23,Railways,1005,3,7,3
Natural Gas,2865,3,1.5870214,6,1.6294168,2594,2022-07-25,Roadways,1007,3,7,3
Natural Gas,2477,5,2.6903477,7,2.7034598,2464,2022-04-09,Railways,1012,2,4,2
Coal,1877,4,3.6447423,5,3.6785179,1576,2022-01-09,Railways,1003,1,1,1
Oil,1371,6,4.869861,8,4.8956039,1176,2022-11-13,Waterways,1003,2,11,4
Coal,1766,8,1.3806795,12,1.4038844,1433,2022-09-03,Railways,1014,4,9,3
Natural Gas,2547,3,1.772117,5,1.8054729,2426,2022-08-10,Roadways,1007,2,8,3
Coal,3682,8,3.942109,11,3.9893184,3549,2022-02-03,Waterways,1009,3,2,1
Oil,3521,9,4.0054541,10,4.0237224,3406,2022-08-22,Waterways,1011,1,8,3
Oil,4452,2,3.5813987,4,3.6155196,3716,2022-11-09,Waterways,1014,2,11,4
Oil,4977,5,4.2284443,8,4.2760573,4844,2022-02-25,Roadways,1000,3,2,1
Natural Gas,1597,3,4.644247,7,4.6720809,1440,2022-10-25,Waterways,1006,4,10,4
Coal,2730,8,1.7729445,9,1.7854067,2712,2022-08-07,Railways,1015,1,8,3
Oil,1018,3,2.4804062,6,2.523872,988,2022-09-25,Waterways,1002,3,9,3
Coal,3492,9,3.7372407,13,3.7708079,2801,2022-07-09,Waterways,1010,4,7,3
Coal,1039,6,1.759359,7,1.8036974,858,2022-01-21,Railways,1004,1,1,1
Coal,1386,3,3.5504976,5,3.5635088,1120,2022-11-27,Roadways,1010,2,11,4
Natural Gas,1346,2,4.2799667,4,4.3275921,1232,2022-07-06,Roadways,1013,2,7,3
Oil,2761,6,3.8251145,8,3.8722485,2529,2022-03-05,Roadways,1001,2,3,1
Coal,4382,4,1.9235006,6,1.9400707,4323,2022-03-20,Waterways,1011,2,3,1
Coal,3298,9,4.7740951,11,4.7865062,3237,2022-07-15,Waterways,1008,2,7,3
Natural Gas,1742,2,3.4545496,4,3.4988959,1578,2022-07-10,Waterways,1011,2,7,3
Coal,4966,4,1.2834863,8,1.3240443,4954,2022-06-19,Roadways,1004,4,6,2
Oil,2096,2,4.1593147,5,4.207093,1679,2022-08-10,Railways,1012,3,8,3
Natural Gas,4639,1,4.3597109,3,4.4005388,3771,2022-03-25,Waterways,1006,2,3,1
Natural Gas,2261,6,2.7947091,10,2.8086419,1928,2022-12-22,Railways,1005,4,12,4
Oil,2238,6,4.6548743,8,4.6969212,1801,2022-09-14,Roadways,1005,2,9,3
Natural Gas,2402,6,1.4989932,10,1.5399779,2317,2022-10-04,Roadways,1002,4,10,4
Natural Gas,4432,3,4.6122264,5,4.6470781,3698,2022-07-01,Roadways,1010,2,7,3
Coal,2705,2,3.9509031,4,3.9944093,2440,2022-10-23,Railways,1013,2,10,4
Oil,2390,9,1.3315927,11,1.343254,1991,2022-12-18,Railways,1014,2,12,4
Natural Gas,3571,6,1.120328,9,1.138368,3296,2022-10-16,Waterways,1009,3,10,4
Oil,3018,4,3.6381391,7,3.6743183,2928,2022-10-13,Waterways,1002,3,10,4
Coal,3169,9,4.9682969,10,5.0174951,3131,2022-03-25,Railways,1010,1,3,1
Oil,3545,4,2.7495367,6,2.7768851,3335,2022-11-21,Railways,1001,2,11,4
Coal,4940,6,1.2678714,8,1.2856506,4932,2022-01-02,Railways,1000,2,1,1
Natural Gas,3210,5,1.014397,8,1.0305019,2889,2022-03-15,Waterways,1006,3,3,1
Oil,4541,6,2.5564215,8,2.5950191,3990,2022-06-15,Waterways,1014,2,6,2
Natural Gas,2665,1,2.9908367,5,3.0343373,2337,2022-05-26,Roadways,1012,4,5,2
Natural Gas,4901,2,1.9628635,3,1.9742309,4631,2022-02-13,Roadways,1001,1,2,1
Natural Gas,3104,5,2.6525942,8,2.6942213,2582,2022-04-21,Roadways,1009,3,4,2
Natural Gas,2422,1,1.8320651,2,1.8760595,2410,2022-06-04,Roadways,1003,1,6,2
Oil,1418,7,4.285901,11,4.3308649,1390,2022-04-04,Waterways,1000,4,4,2
Natural Gas,3134,5,4.5032621,9,4.5460875,2918,2022-05-08,Railways,1005,4,5,2
Natural Gas,1423,7,2.5776038,11,2.6239858,1389,2022-03-24,Roadways,1009,4,3,1
Coal,1200,1,3.5739903,3,3.6089325,1188,2022-01-09,Railways,1008,2,1,1
Oil,3509,3,1.9251919,4,1.9554088,3216,2022-10-05,Railways,1010,1,10,4
Coal,4830,5,3.3702839,7,3.4003368,4053,2022-02-24,Railways,1008,2,2,1
Coal,2968,1,2.1378667,5,2.1491141,2638,2022-02-21,Roadways,1002,4,2,1
Coal,1416,5,1.6519507,7,1.6654934,1169,2022-05-24,Roadways,1001,2,5,2
Coal,4735,8,3.8656134,9,3.8978922,3875,2022-08-10,Waterways,1006,1,8,3
Natural Gas,4574,5,2.1059656,6,2.1169778,4137,2022-11-12,Railways,1004,1,11,4
Coal,1995,8,3.1379988,9,3.1787027,1617,2022-03-17,Railways,1012,1,3,1
Coal,1968,3,4.8609658,7,4.8922763,1803,2022-09-15,Waterways,1008,4,9,3
Coal,2408,1,3.807635,2,3.82199,2106,2022-01-17,Roadways,1006,1,1,1
Oil,3771,7,2.0609453,11,2.0751583,3537,2022-07-25,Railways,1003,4,7,3
Oil,1457,9,1.2910615,10,1.3025994,1260,2022-08-03,Roadways,1004,1,8,3
Natural Gas,1720,4,3.5906848,7,3.612929,1696,2022-01-28,Roadways,1001,3,1,1
Oil,2903,2,4.2720811,3,4.2837145,2815,2022-10-18,Waterways,1002,1,10,4
Oil,4468,6,2.3072101,9,2.3349259,3840,2022-09-10,Waterways,1005,3,9,3
Oil,1588,6,4.7411758,7,4.7517024,1579,2022-12-24,Waterways,1011,1,12,4
Oil,2921,5,2.3028411,7,2.3254916,2552,2022-10-05,Railways,1003,2,10,4
Natural Gas,2919,5,4.6169491,8,4.6605294,2436,2022-05-13,Railways,1013,3,5,2
Oil,2608,2,4.9665096,4,4.9937931,2182,2022-04-20,Railways,1004,2,4,2
Coal,1889,6,2.5926099,8,2.6259238,1771,2022-09-03,Railways,1013,2,9,3
Natural Gas,2840,8,2.0705042,12,2.1117166,2587,2022-04-07,Railways,1007,4,4,2
Natural Gas,4168,2,2.2171149,3,2.2314637,3708,2022-11-06,Waterways,1009,1,11,4
Natural Gas,4505,6,1.974031,9,2.0021271,4025,2022-10-28,Waterways,1009,3,10,4
Natural Gas,3129,8,3.267498,11,3.3005763,3028,2022-12-03,Roadways,1012,3,12,4
Natural Gas,3408,8,2.6887339,10,2.7011676,3032,2022-03-13,Roadways,1003,2,3,1
Oil,2537,7,1.5026887,8,1.5189514,2386,2022-03-05,Roadways,1002,1,3,1
Coal,3317,8,1.522312,10,1.5341136,3273,2022-05-02,Roadways,1014,2,5,2
Coal,2980,7,2.0471173,8,2.0853098,2464,2022-06-21,Railways,1002,1,6,2
Oil,2118,4,1.6670293,5,1.7017566,1912,2022-03-10,Roadways,1013,1,3,1
Natural Gas,2016,7,2.1889649,11,2.2305981,1727,2022-03-28,Waterways,1015,4,3,1
Natural Gas,3893,8,1.9468234,11,1.992637,3589,2022-09-15,Waterways,1013,3,9,3
Oil,1671,9,4.6929308,11,4.7217692,1437,2022-10-28,Railways,1006,2,10,4
Coal,3181,2,3.3269786,3,3.3744383,3050,2022-10-22,Waterways,1003,1,10,4
Coal,3183,5,1.4483553,8,1.4742079,3160,2022-10-23,Railways,1005,3,10,4
Natural Gas,3854,2,4.903838,3,4.9332204,3135,2022-05-23,Roadways,1010,1,5,2
Coal,2743,4,2.2229915,7,2.2358522,2461,2022-01-13,Railways,1013,3,1,1
Oil,1421,9,4.1728114,11,4.1900181,1161,2022-05-04,Waterways,1005,2,5,2
Coal,2429,8,2.2864519,12,2.3360277,2203,2022-09-10,Roadways,1002,4,9,3
Natural Gas,3252,3,1.0840099,7,1.1010395,3171,2022-11-18,Roadways,1004,4,11,4
Natural Gas,2805,9,4.5362095,13,4.5782039,2501,2022-09-14,Roadways,1001,4,9,3
Coal,1074,8,4.6086731,9,4.6341991,921,2022-01-21,Railways,1005,1,1,1
Coal,1134,7,1.4824249,11,1.5075503,1028,2022-06-10,Roadways,1008,4,6,2
Coal,2751,1,1.746418,2,1.7890975,2582,2022-04-06,Waterways,1015,1,4,2
Oil,2474,6,4.6664198,7,4.6931659,2401,2022-04-17,Railways,1008,1,4,2
Natural Gas,4349,3,1.1956243,5,1.2064829,3829,2022-08-06,Waterways,1007,2,8,3
Natural Gas,2760,3,1.8758929,4,1.9126619,2675,2022-02-09,Waterways,1012,1,2,1
Oil,4565,5,4.4470333,7,4.4717315,4564,2022-02-11,Waterways,1011,2,2,1
Natural Gas,3130,1,1.5211628,2,1.5353272,2744,2022-11-28,Roadways,1005,1,11,4
Natural Gas,3565,7,4.4573911,8,4.5049287,2901,2022-03-14,Waterways,1012,1,3,1
Oil,1565,2,3.5810418,6,3.5954028,1377,2022-06-08,Railways,1004,4,6,2
Natural Gas,3643,3,1.0642033,4,1.0789496,3488,2022-11-11,Waterways,1003,1,11,4
Oil,4597,4,2.2268786,6,2.243063,4011,2022-01-18,Waterways,1012,2,1,1
Coal,4996,7,2.7232636,10,2.7411664,4605,2022-01-10,Roadways,1003,3,1,1
Oil,3462,8,2.5066903,11,2.5278827,3041,2022-06-13,Waterways,1006,3,6,2
Coal,2028,2,3.86487,3,3.8796692,1855,2022-06-21,Roadways,1007,1,6,2
Coal,1174,6,2.8668042,7,2.902347,1130,2022-12-23,Roadways,1000,1,12,4
Oil,4120,3,2.1981696,6,2.2107387,3659,2022-09-12,Waterways,1003,3,9,3
Coal,4660,7,1.2395661,10,1.2581063,4156,2022-05-02,Railways,1003,3,5,2
Oil,2058,6,4.112791,8,4.1445939,1657,2022-03-03,Waterways,1007,2,3,1
Coal,3018,5,2.3445019,7,2.3888023,2961,2022-11-26,Roadways,1003,2,11,4
Oil,1462,3,4.5175729,7,4.560024,1190,2022-08-09,Railways,1014,4,8,3
Coal,2734,1,1.752911,2,1.7642343,2371,2022-05-07,Railways,1001,1,5,2
Natural Gas,1671,6,2.21163,9,2.2393271,1598,2022-03-16,Roadways,1003,3,3,1
Coal,2300,9,2.828235,10,2.8435518,1934,2022-12-07,Roadways,1012,1,12,4
Natural Gas,2434,8,4.4621035,10,4.4948414,2372,2022-12-22,Waterways,1010,2,12,4
Natural Gas,2185,9,1.5354541,11,1.5632813,1904,2022-05-27,Railways,1014,2,5,2
Coal,4100,9,2.8236706,12,2.8638646,3736,2022-06-12,Railways,1005,3,6,2
Coal,3443,3,3.7007827,6,3.7340833,2924,2022-01-07,Roadways,1003,3,1,1
Oil,3070,7,2.0635183,11,2.0907698,2805,2022-04-07,Railways,1007,4,4,2
Natural Gas,4727,3,1.3663474,4,1.4092959,4645,2022-02-21,Waterways,1004,1,2,1
Oil,1749,4,1.5398582,8,1.5727368,1650,2022-01-24,Waterways,1010,4,1,1
Oil,2646,8,1.8758332,12,1.9191015,2241,2022-03-12,Railways,1014,4,3,1
Natural Gas,4491,6,3.8335402,8,3.8669832,3633,2022-07-02,Roadways,1015,2,7,3
Natural Gas,2552,1,3.0888404,3,3.1253721,2184,2022-04-22,Roadways,1010,2,4,2
Oil,1914,5,4.280304,7,4.3139629,1911,2022-09-22,Roadways,1013,2,9,3
Natural Gas,1327,8,1.6869023,11,1.7348413,1252,2022-10-14,Roadways,1010,3,10,4
Natural Gas,2285,8,4.5474955,11,4.5931982,1891,2022-10-07,Waterways,1000,3,10,4
Natural Gas,1263,7,2.2324181,9,2.2615563,1246,2022-09-09,Railways,1014,2,9,3
Coal,2958,3,3.0664324,6,3.0815946,2647,2022-03-22,Roadways,1007,3,3,1
Oil,1934,9,4.9184183,10,4.9622464,1549,2022-08-16,Waterways,1014,1,8,3
Coal,3310,2,4.6533267,3,4.6878685,2884,2022-03-23,Waterways,1002,1,3,1
Coal,4159,3,2.6723696,6,2.6984169,3506,2022-03-10,Railways,1012,3,3,1
Coal,3976,9,4.1077895,13,4.1262708,3879,2022-07-14,Railways,1002,4,7,3
Coal,1176,8,4.5118316,9,4.5548511,1066,2022-01-09,Waterways,1000,1,1,1
Oil,3798,2,4.7095713,6,4.7319198,3368,2022-06-19,Waterways,1009,4,6,2
Oil,2682,4,1.1042102,8,1.1388662,2326,2022-06-11,Roadways,1004,4,6,2
Natural Gas,3994,4,2.809146,7,2.8322764,3800,2022-03-01,Railways,1012,3,3,1
Oil,1411,6,4.8441014,10,4.8710519,1299,2022-05-20,Railways,1007,4,5,2
Oil,1953,6,1.3582991,10,1.3730482,1796,2022-10-25,Roadways,1002,4,10,4
Coal,3990,6,1.7464013,10,1.7804238,3716,2022-10-28,Waterways,1000,4,10,4
Natural Gas,1488,3,2.1013988,4,2.1494582,1390,2022-05-03,Roadways,1011,1,5,2
Coal,1975,1,2.8976302,3,2.9425652,1932,2022-02-27,Waterways,1004,2,2,1
Oil,1723,2,1.3506631,5,1.3867034,1406,2022-04-01,Waterways,1015,3,4,2
Natural Gas,3989,5,1.4720303,6,1.5193361,3602,2022-01-01,Railways,1015,1,1,1
Natural Gas,4615,2,3.4819449,5,3.5226174,4328,2022-05-26,Roadways,1008,3,5,2
Natural Gas,3913,5,3.6621538,8,3.6988987,3202,2022-04-05,Waterways,1002,3,4,2
Oil,4392,3,2.7029513,6,2.7281755,4381,2022-03-18,Waterways,1009,3,3,1
Coal,2858,2,1.798873,3,1.8269868,2433,2022-08-07,Waterways,1000,1,8,3
Natural Gas,2507,6,2.8623951,10,2.8726509,2422,2022-06-23,Railways,1004,4,6,2
Oil,1967,7,2.8529513,8,2.8688722,1897,2022-11-08,Railways,1010,1,11,4
Natural Gas,2489,8,3.7188732,10,3.7363367,2014,2022-07-23,Roadways,1011,2,7,3
Oil,4504,3,1.8324066,7,1.8808316,3871,2022-11-04,Waterways,1002,4,11,4
Natural Gas,1667,6,1.4051475,9,1.4458674,1541,2022-07-25,Waterways,1012,3,7,3
Coal,4457,7,1.9301368,11,1.97848,4429,2022-06-12,Railways,1007,4,6,2
Oil,1195,7,4.0577901,10,4.0918367,1057,2022-01-15,Railways,1007,3,1,1
Coal,3093,9,4.4616509,12,4.5050584,2662,2022-04-09,Railways,1015,3,4,2
Oil,1400,9,1.6864718,12,1.7243854,1386,2022-01-11,Roadways,1014,3,1,1
Natural Gas,3401,9,2.3208189,12,2.3645357,3061,2022-04-13,Railways,1007,3,4,2
Coal,4830,5,1.455854,9,1.4864396,4291,2022-10-11,Railways,1013,4,10,4
Natural Gas,4110,7,4.0111015,10,4.0541244,3513,2022-12-03,Roadways,1010,3,12,4
Coal,4637,7,1.2273572,10,1.2597418,4138,2022-07-06,Roadways,1012,3,7,3
Oil,3228,5,3.6064348,8,3.6305093,3170,2022-07-20,Waterways,1012,3,7,3
Oil,1690,2,3.7087878,5,3.739367,1494,2022-07-28,Railways,1009,3,7,3
Natural Gas,4230,5,3.6282812,7,3.6712974,3748,2022-07-06,Roadways,1014,2,7,3
Coal,3373,6,4.7295181,10,4.7695411,3314,2022-11-15,Waterways,1009,4,11,4
Coal,2109,1,1.748763,4,1.7936594,2034,2022-11-21,Waterways,1010,3,11,4
Coal,3767,5,3.097044,7,3.1181717,3371,2022-02-08,Waterways,1007,2,2,1
Coal,3943,5,4.6292274,6,4.6526511,3497,2022-06-15,Railways,1015,1,6,2
Oil,2532,5,4.2988109,6,4.3098345,2148,2022-12-01,Waterways,1006,1,12,4
Oil,1475,4,4.9096379,6,4.9342799,1386,2022-12-03,Roadways,1014,2,12,4
Coal,2038,2,3.3258263,3,3.3367305,1859,2022-02-06,Waterways,1004,1,2,1
Coal,3291,3,4.0356574,5,4.0549942,2692,2022-02-01,Waterways,1008,2,2,1
Natural Gas,3076,1,4.3468732,2,4.3772806,2680,2022-12-05,Roadways,1008,1,12,4
Natural Gas,3345,1,1.3808368,2,1.4156786,2719,2022-03-27,Railways,1000,1,3,1
Natural Gas,1999,2,2.6723482,5,2.7163112,1737,2022-09-24,Roadways,1015,3,9,3
Natural Gas,3523,7,4.8783717,9,4.8984195,3429,2022-07-14,Waterways,1015,2,7,3
Coal,1421,6,3.7591741,7,3.7893372,1415,2022-08-26,Waterways,1004,1,8,3
Oil,1789,7,2.5698544,10,2.5887502,1464,2022-04-02,Railways,1006,3,4,2
Coal,3557,5,2.6088002,9,2.6264309,3308,2022-05-18,Waterways,1004,4,5,2
Natural Gas,4722,4,1.0736463,7,1.0838651,4054,2022-05-05,Railways,1000,3,5,2
Natural Gas,2137,1,3.8919025,3,3.9164469,1926,2022-12-27,Railways,1008,2,12,4
Oil,1139,7,4.1967803,8,4.2322342,1026,2022-06-10,Waterways,1007,1,6,2
Oil,4399,5,3.4395207,9,3.4880469,3931,2022-11-01,Waterways,1006,4,11,4
Coal,3734,2,1.5239033,5,1.5648009,3077,2022-10-14,Roadways,1001,3,10,4
Oil,2664,7,4.8039883,9,4.8361899,2314,2022-03-28,Railways,1002,2,3,1
Natural Gas,2153,8,2.2203215,9,2.2344331,1757,2022-11-09,Roadways,1010,1,11,4
Oil,3107,1,3.2711792,4,3.3170964,2616,2022-04-17,Roadways,1009,3,4,2
Oil,3991,1,4.2376063,2,4.2570002,3627,2022-02-28,Roadways,1011,1,2,1
Coal,2014,6,3.371347,9,3.392773,1795,2022-10-16,Waterways,1010,3,10,4
Natural Gas,1732,6,2.0500553,7,2.0672306,1704,2022-12-27,Waterways,1001,1,12,4
Oil,2850,3,1.9524664,7,1.9661095,2792,2022-03-03,Railways,1009,4,3,1
Oil,3174,7,4.5447306,9,4.5686041,3150,2022-01-26,Waterways,1005,2,1,1
Natural Gas,1228,4,2.935428,6,2.9800523,1002,2022-01-05,Waterways,1002,2,1,1
Oil,4930,1,2.4484291,3,2.4733779,4100,2022-10-25,Railways,1014,2,10,4
Coal,4108,5,4.6560671,6,4.693434,3374,2022-11-22,Roadways,1013,1,11,4
Oil,1242,1,1.6984085,3,1.7166718,1241,2022-02-06,Railways,1014,2,2,1
Coal,1144,9,3.8969182,13,3.928928,1067,2022-02-18,Roadways,1015,4,2,1
Oil,3983,9,3.5290532,10,3.5649538,3730,2022-04-07,Railways,1015,1,4,2
Natural Gas,4217,4,1.3425596,7,1.3626841,3784,2022-11-11,Railways,1013,3,11,4
Natural Gas,4220,3,3.4073496,7,3.4297165,3451,2022-11-13,Roadways,1001,4,11,4
Oil,2981,7,2.6994141,11,2.7133676,2405,2022-06-26,Waterways,1012,4,6,2
Oil,2417,9,1.6345877,12,1.677975,1933,2022-07-01,Railways,1013,3,7,3
Natural Gas,3173,2,1.0623209,3,1.0789165,2544,2022-05-18,Railways,1004,1,5,2
Coal,3047,2,4.9729395,5,5.005239,3022,2022-02-06,Waterways,1012,3,2,1
Natural Gas,1277,6,3.7252993,8,3.7392674,1037,2022-05-26,Railways,1012,2,5,2
Natural Gas,4599,2,3.0811199,5,3.1004511,3686,2022-02-25,Waterways,1013,3,2,1
Natural Gas,3286,8,1.9767663,9,2.0062105,3046,2022-01-24,Roadways,1010,1,1,1
Oil,2150,9,1.5902696,12,1.6038711,2016,2022-12-10,Waterways,1000,3,12,4
Coal,3474,1,3.4737745,2,3.5072906,2841,2022-06-18,Waterways,1000,1,6,2
Natural Gas,1989,4,3.4198234,8,3.4678889,1610,2022-04-01,Waterways,1007,4,4,2
Natural Gas,4708,5,1.4010367,7,1.4117777,4013,2022-03-07,Roadways,1015,2,3,1
Oil,3186,2,4.8475138,5,4.8638542,3085,2022-12-20,Railways,1010,3,12,4
Oil,1082,6,2.9659185,7,2.9876101,937,2022-11-04,Waterways,1002,1,11,4
Coal,4518,2,4.8252179,6,4.8378305,4058,2022-05-05,Waterways,1014,4,5,2
Oil,4299,2,1.7605012,4,1.7896846,3995,2022-08-03,Roadways,1003,2,8,3
Oil,4189,7,1.0928178,10,1.1093412,3832,2022-11-06,Roadways,1000,3,11,4
Coal,4633,3,4.5636361,7,4.6012284,4264,2022-01-22,Railways,1015,4,1,1
Oil,2609,1,3.0100413,2,3.0410659,2313,2022-09-06,Railways,1001,1,9,3
Natural Gas,2352,9,1.6037158,12,1.6293262,2314,2022-10-13,Railways,1008,3,10,4
Oil,1517,6,1.9201125,7,1.9488722,1320,2022-09-20,Railways,1013,1,9,3
Natural Gas,2634,8,4.9867124,9,4.9979374,2225,2022-10-11,Railways,1000,1,10,4
Oil,4566,6,1.8070372,7,1.8360471,3841,2022-12-09,Waterways,1000,1,12,4
Coal,3872,8,4.8246548,9,4.8619547,3725,2022-05-10,Waterways,1006,1,5,2
Coal,2314,2,4.404765,3,4.4168221,1961,2022-08-21,Roadways,1008,1,8,3
Coal,4044,4,4.9167583,8,4.9476371,3743,2022-02-25,Railways,1002,4,2,1
Oil,4042,8,1.8728794,11,1.9035884,3333,2022-06-05,Railways,1007,3,6,2
Oil,2776,3,2.6819481,5,2.727222,2722,2022-09-27,Roadways,1001,2,9,3
Natural Gas,1371,7,4.3116978,10,4.3296906,1156,2022-09-23,Railways,1003,3,9,3
Natural Gas,1321,1,3.81582,4,3.8484844,1213,2022-05-20,Railways,1013,3,5,2
Natural Gas,2003,7,3.8310883,9,3.8518491,1788,2022-08-18,Roadways,1000,2,8,3
Natural Gas,4912,3,4.2381602,7,4.2707893,4341,2022-09-27,Roadways,1001,4,9,3
Natural Gas,1097,5,1.0485395,6,1.0868563,918,2022-12-16,Waterways,1001,1,12,4
Coal,1307,2,4.3259656,6,4.3663002,1102,2022-10-09,Waterways,1007,4,10,4
Natural Gas,4490,4,2.5443572,6,2.5602623,4215,2022-09-26,Railways,1001,2,9,3
Oil,3189,3,1.1506914,4,1.1772414,2709,2022-04-14,Roadways,1012,1,4,2
Natural Gas,2892,1,4.2607399,5,4.2952654,2424,2022-04-14,Railways,1002,4,4,2
Natural Gas,2797,9,2.0064964,13,2.0543472,2794,2022-12-18,Railways,1014,4,12,4
Oil,4981,9,1.7300475,13,1.7602146,4324,2022-10-12,Roadways,1008,4,10,4
Oil,3408,7,2.4528943,8,2.4890535,3230,2022-01-05,Railways,1005,1,1,1
Natural Gas,2071,2,1.6249818,3,1.6619713,1943,2022-03-16,Roadways,1003,1,3,1
Oil,4874,8,3.4937207,12,3.5239902,4545,2022-06-10,Waterways,1014,4,6,2
Coal,4994,1,2.5547691,2,2.5797957,4518,2022-11-03,Railways,1014,1,11,4
Natural Gas,1339,2,4.2454966,5,4.2818601,1159,2022-09-25,Roadways,1004,3,9,3
Oil,3338,3,1.8593146,5,1.8958164,2926,2022-12-09,Waterways,1008,2,12,4
Coal,2373,4,3.2988751,5,3.3282978,1920,2022-05-05,Roadways,1014,1,5,2
Natural Gas,4351,4,2.584992,8,2.5953977,4051,2022-10-18,Railways,1009,4,10,4
Natural Gas,4873,4,4.4570814,6,4.4710634,4289,2022-04-09,Waterways,1012,2,4,2
Coal,3092,7,2.8561882,10,2.871226,2646,2022-06-18,Roadways,1001,3,6,2
Coal,4066,4,4.2919622,5,4.3037408,3826,2022-10-06,Railways,1004,1,10,4
Oil,4176,6,4.830831,7,4.8484624,3899,2022-08-15,Waterways,1009,1,8,3
Coal,2808,3,4.3104543,7,4.3586737,2601,2022-04-06,Waterways,1012,4,4,2
Coal,2011,8,1.3091782,9,1.3586001,1819,2022-07-26,Railways,1009,1,7,3
Natural Gas,4821,9,3.7103112,10,3.723812,4367,2022-03-19,Waterways,1000,1,3,1
Oil,1789,5,2.4699433,7,2.4915745,1535,2022-01-26,Railways,1012,2,1,1
Coal,1399,6,2.1087814,7,2.1225891,1347,2022-06-11,Waterways,1002,1,6,2
Oil,2230,3,2.9328872,6,2.9694009,2154,2022-02-25,Roadways,1012,3,2,1
Natural Gas,4573,6,1.3729463,9,1.3881697,4201,2022-01-21,Waterways,1009,3,1,1
Coal,4312,8,2.8770908,10,2.8949142,3867,2022-08-14,Railways,1002,2,8,3
Oil,2843,8,2.8102196,12,2.8217928,2699,2022-07-22,Waterways,1004,4,7,3
Oil,4913,2,2.8201643,5,2.8519386,4878,2022-02-24,Waterways,1014,3,2,1
Oil,4170,6,1.0671943,7,1.0912227,3997,2022-11-23,Railways,1015,1,11,4
Natural Gas,2480,8,3.8933567,9,3.9083682,2422,2022-08-16,Roadways,1009,1,8,3
Oil,2561,6,2.3378503,7,2.3641868,2301,2022-02-27,Roadways,1006,1,2,1
Coal,4251,4,2.9194593,5,2.9335804,3898,2022-09-13,Roadways,1006,1,9,3
Oil,1645,1,1.4510614,3,1.4905138,1593,2022-10-23,Waterways,1000,2,10,4
Natural Gas,1542,8,4.8678772,11,4.8843192,1461,2022-10-05,Railways,1003,3,10,4
Natural Gas,2838,6,4.5803474,7,4.6143988,2519,2022-01-12,Roadways,1003,1,1,1
Coal,3434,7,3.6965929,11,3.7090859,3067,2022-04-13,Railways,1003,4,4,2
Natural Gas,3254,8,3.743722,10,3.7886328,2782,2022-05-23,Railways,1003,2,5,2
Natural Gas,4996,9,1.9511915,13,1.9867573,4796,2022-02-18,Railways,1013,4,2,1
Oil,1075,1,3.4725486,4,3.4969527,1010,2022-04-04,Roadways,1010,3,4,2
Natural Gas,1192,9,1.2976492,13,1.3465629,997,2022-02-26,Waterways,1001,4,2,1
Coal,1053,3,3.1590142,7,3.1803797,958,2022-04-28,Waterways,1001,4,4,2
Natural Gas,2229,6,3.9620082,8,4.0116838,1892,2022-11-09,Waterways,1004,2,11,4
Coal,4505,6,2.0644198,10,2.0892986,3960,2022-06-22,Railways,1003,4,6,2
Oil,2168,3,3.4529532,5,3.4842124,1990,2022-09-13,Roadways,1012,2,9,3
Oil,3259,4,1.806133,7,1.8283223,3110,2022-03-18,Railways,1007,3,3,1
Oil,1724,7,3.355629,11,3.3892132,1423,2022-09-02,Railways,1015,4,9,3
Coal,4185,9,1.6249457,12,1.6723542,4180,2022-11-11,Waterways,1014,3,11,4
Coal,2693,5,2.1600974,6,2.1893685,2224,2022-09-16,Roadways,1004,1,9,3
Oil,2669,3,4.3894867,6,4.4137139,2543,2022-04-03,Roadways,1009,3,4,2
Oil,1188,3,2.7967209,6,2.8229969,1086,2022-03-19,Railways,1003,3,3,1
Coal,2219,1,4.2648397,5,4.2940481,1946,2022-05-22,Waterways,1011,4,5,2
Coal,2971,9,1.615899,11,1.6562722,2905,2022-02-20,Railways,1004,2,2,1
Oil,2226,5,2.5656034,8,2.597163,1810,2022-10-14,Roadways,1011,3,10,4
Coal,2820,7,4.5746816,11,4.6092775,2738,2022-07-18,Railways,1008,4,7,3
Oil,1736,7,1.7778108,8,1.8082825,1440,2022-08-18,Roadways,1014,1,8,3
Natural Gas,3342,5,2.7028685,7,2.7245338,3101,2022-06-06,Roadways,1003,2,6,2
Coal,4530,5,4.4635169,6,4.4884419,4059,2022-12-16,Railways,1001,1,12,4
Oil,2405,8,3.5899281,12,3.6359034,1940,2022-07-27,Waterways,1015,4,7,3
Oil,4660,2,3.9567597,5,3.9734119,3849,2022-08-25,Roadways,1010,3,8,3
Natural Gas,2590,3,4.5784736,5,4.5902286,2264,2022-10-02,Roadways,1009,2,10,4
Oil,1083,2,4.4917431,6,4.5085188,929,2022-02-03,Waterways,1006,4,2,1
Natural Gas,1415,1,1.2959899,3,1.3407735,1162,2022-01-16,Waterways,1006,2,1,1
Coal,4867,1,1.3081675,3,1.3225494,4132,2022-10-06,Waterways,1007,2,10,4
Oil,3267,5,4.3070845,6,4.346982,2647,2022-11-17,Waterways,1005,1,11,4
Oil,4590,6,2.8191534,10,2.8430919,4364,2022-06-25,Railways,1009,4,6,2
Coal,3082,9,4.4430766,11,4.4670995,2689,2022-12-28,Waterways,1011,2,12,4
Coal,4337,8,3.7096511,12,3.7561805,3539,2022-02-21,Railways,1002,4,2,1
Natural Gas,3146,5,4.1015648,8,4.1360825,3080,2022-06-04,Roadways,1002,3,6,2
Coal,3228,5,1.9563827,7,1.97336,3218,2022-03-23,Waterways,1000,2,3,1
Natural Gas,4395,8,1.188877,10,1.2149044,4167,2022-12-07,Roadways,1009,2,12,4
Natural Gas,4953,3,1.5940448,7,1.6281674,4320,2022-12-02,Roadways,1004,4,12,4
Coal,1249,3,4.7905934,4,4.8104862,1144,2022-07-13,Waterways,1010,1,7,3
Natural Gas,4375,6,3.436133,9,3.4691005,3891,2022-01-23,Railways,1008,3,1,1
Natural Gas,4991,4,4.3699059,5,4.4037269,4529,2022-12-16,Roadways,1007,1,12,4
Natural Gas,3545,5,2.1071026,7,2.1567535,3138,2022-07-25,Railways,1006,2,7,3
Natural Gas,3365,3,4.8558566,7,4.8816626,2782,2022-05-01,Roadways,1009,4,5,2
Coal,4713,2,4.9196814,6,4.9660173,4548,2022-06-28,Waterways,1004,4,6,2
Coal,3628,2,2.8685429,4,2.9162399,3267,2022-11-12,Roadways,1014,2,11,4
Oil,1245,9,3.4100801,13,3.4229592,1159,2022-12-11,Railways,1004,4,12,4
Coal,2988,1,2.1125228,5,2.1347176,2766,2022-09-13,Roadways,1010,4,9,3
Oil,1861,2,2.2532896,5,2.2763607,1552,2022-11-27,Waterways,1014,3,11,4
Natural Gas,3455,5,1.3009353,7,1.3496559,3435,2022-04-08,Railways,1002,2,4,2
Natural Gas,3488,3,2.7143478,5,2.7427729,3372,2022-08-19,Railways,1011,2,8,3
Natural Gas,2592,6,3.5187319,9,3.5421717,2270,2022-08-06,Waterways,1010,3,8,3
Coal,4769,7,1.9655457,11,1.9828745,4572,2022-05-07,Railways,1015,4,5,2
Oil,1971,3,3.6265429,5,3.6637248,1820,2022-10-20,Railways,1009,2,10,4
Natural Gas,1890,3,2.3014155,4,2.331331,1650,2022-06-01,Waterways,1002,1,6,2
Natural Gas,4097,2,2.606126,6,2.6168489,3966,2022-08-19,Railways,1012,4,8,3
Natural Gas,1601,4,1.6285559,7,1.6603561,1482,2022-11-20,Roadways,1000,3,11,4
Natural Gas,1192,4,2.6876365,8,2.7171438,1073,2022-12-11,Railways,1013,4,12,4
Oil,3261,8,2.4453992,9,2.4825152,3207,2022-09-21,Roadways,1014,1,9,3
Oil,2320,2,2.5890061,3,2.5993992,2250,2022-04-03,Waterways,1008,1,4,2
Oil,2883,3,2.6974182,4,2.7295252,2434,2022-11-16,Roadways,1012,1,11,4
Coal,4145,8,3.2145266,9,3.2626993,3992,2022-05-25,Waterways,1006,1,5,2
Natural Gas,1091,6,2.7612492,8,2.799702,1015,2022-03-28,Roadways,1009,2,3,1
Coal,1393,5,3.1216088,8,3.156225,1225,2022-06-22,Railways,1000,3,6,2
Coal,2446,5,2.6160427,9,2.6412494,2080,2022-01-08,Roadways,1008,4,1,1
Oil,1844,6,2.0104497,8,2.055071,1808,2022-04-20,Roadways,1004,2,4,2
Coal,2964,1,1.6277228,3,1.6575249,2414,2022-06-28,Roadways,1010,2,6,2
Coal,2602,8,2.5981693,10,2.6157925,2410,2022-07-16,Roadways,1013,2,7,3
Coal,4449,6,3.382667,8,3.4274902,3926,2022-08-16,Railways,1004,2,8,3
Coal,1983,5,4.1337648,8,4.160045,1766,2022-07-19,Waterways,1014,3,7,3
Natural Gas,2964,2,4.5960603,5,4.6126156,2802,2022-05-25,Roadways,1011,3,5,2
Oil,4074,5,4.8036875,6,4.8398678,3932,2022-08-04,Waterways,1015,1,8,3
Coal,1589,6,4.8604166,8,4.8798519,1443,2022-11-21,Railways,1001,2,11,4
Oil,3554,4,3.5191437,7,3.5313034,3479,2022-08-17,Railways,1013,3,8,3
Coal,1647,6,4.8969731,8,4.9219086,1621,2022-11-12,Roadways,1009,2,11,4
Oil,1767,2,4.3067573,6,4.3363222,1545,2022-09-19,Roadways,1014,4,9,3
Natural Gas,2696,4,2.948985,7,2.9782846,2394,2022-12-01,Waterways,1000,3,12,4
Coal,1110,5,1.6565822,6,1.6688109,915,2022-05-07,Roadways,1013,1,5,2
Coal,4911,8,2.3447275,11,2.376167,3993,2022-09-23,Roadways,1010,3,9,3
Coal,4089,3,3.7138004,6,3.7255806,3630,2022-09-11,Waterways,1005,3,9,3
Oil,1458,8,3.6098749,11,3.6385685,1202,2022-07-15,Roadways,1013,3,7,3
Natural Gas,2749,1,1.8060322,2,1.8211028,2207,2022-01-21,Waterways,1009,1,1,1
Coal,3119,4,4.1482119,7,4.1932811,2657,2022-10-12,Waterways,1002,3,10,4
Natural Gas,4161,9,4.3572367,10,4.3916359,3910,2022-05-04,Railways,1012,1,5,2
Oil,1062,7,1.881713,11,1.8998767,1005,2022-09-23,Roadways,1006,4,9,3
Natural Gas,3665,2,3.5360613,3,3.5476678,3265,2022-06-13,Railways,1002,1,6,2
Coal,1257,9,2.6584274,10,2.7006222,1152,2022-09-08,Railways,1005,1,9,3
Oil,2583,8,4.5020897,12,4.5482413,2307,2022-06-27,Railways,1002,4,6,2
Oil,1321,7,1.063557,8,1.0828645,1264,2022-10-21,Waterways,1015,1,10,4
Natural Gas,2726,8,1.6367819,9,1.6820283,2633,2022-09-27,Roadways,1012,1,9,3
Coal,3455,2,2.8176042,6,2.8335817,2860,2022-03-01,Railways,1012,4,3,1
Natural Gas,1120,4,1.7121048,7,1.7344023,1109,2022-06-24,Waterways,1003,3,6,2
Oil,2500,3,4.0980292,6,4.118993,2466,2022-01-24,Roadways,1009,3,1,1
Coal,1174,6,1.330461,10,1.3534663,943,2022-02-11,Roadways,1002,4,2,1
Oil,4030,3,1.6355503,6,1.6723951,3992,2022-08-04,Waterways,1005,3,8,3
Oil,4121,8,1.7833078,10,1.8046723,3335,2022-12-08,Roadways,1001,2,12,4
Oil,4833,5,1.0310432,8,1.0459225,4644,2022-06-05,Railways,1010,3,6,2
Coal,3531,9,4.9112724,11,4.9386991,2905,2022-02-04,Railways,1009,2,2,1
Coal,4087,8,1.6768354,11,1.693302,3793,2022-03-27,Railways,1015,3,3,1
Oil,1348,8,2.1350316,12,2.1514717,1280,2022-09-23,Railways,1009,4,9,3
Natural Gas,4419,3,1.0400529,6,1.0616852,3938,2022-04-13,Waterways,1015,3,4,2
Coal,3149,2,3.5964385,3,3.6247245,2699,2022-09-14,Railways,1012,1,9,3
Natural Gas,3842,4,4.7385091,8,4.7613875,3186,2022-05-03,Roadways,1015,4,5,2
Natural Gas,3149,1,1.4774196,5,1.5239918,2621,2022-04-19,Roadways,1000,4,4,2
Oil,3281,9,2.5590411,13,2.5998432,3112,2022-05-10,Railways,1003,4,5,2
Natural Gas,3909,9,2.8527166,10,2.8844003,3701,2022-03-06,Roadways,1014,1,3,1
Oil,3354,8,3.6900287,12,3.7205486,3196,2022-01-26,Railways,1000,4,1,1
Natural Gas,4234,5,4.7639734,6,4.794675,3861,2022-09-09,Waterways,1000,1,9,3
Coal,3530,6,4.7145516,9,4.7390884,3279,2022-11-11,Waterways,1007,3,11,4
Oil,4521,3,3.9989378,7,4.0180593,3667,2022-12-21,Railways,1010,4,12,4
Coal,1626,4,4.2175363,8,4.266513,1581,2022-02-24,Roadways,1002,4,2,1
Natural Gas,3911,3,1.1853764,4,1.2234313,3653,2022-04-16,Roadways,1006,1,4,2
Natural Gas,3555,3,3.6845378,4,3.7071597,2849,2022-11-27,Waterways,1011,1,11,4
Oil,3639,3,2.3174662,4,2.3392141,3310,2022-02-17,Waterways,1008,1,2,1
Natural Gas,4208,4,3.8173298,5,3.8609188,3676,2022-06-01,Waterways,1015,1,6,2
Oil,4296,6,2.5136919,8,2.5372768,3629,2022-07-19,Roadways,1001,2,7,3
Coal,3473,2,1.5680666,5,1.5865384,3155,2022-01-07,Railways,1006,3,1,1
Coal,4499,7,1.9249302,8,1.9366558,3963,2022-04-07,Railways,1015,1,4,2
Oil,1704,4,4.7609194,6,4.7841913,1402,2022-07-23,Roadways,1015,2,7,3
Natural Gas,1302,4,2.209439,7,2.230312,1283,2022-01-20,Waterways,1000,3,1,1
Natural Gas,2098,1,4.9120393,5,4.9530348,1876,2022-06-19,Waterways,1011,4,6,2
Natural Gas,4806,6,1.3248544,9,1.3733659,4766,2022-09-06,Railways,1001,3,9,3
Oil,1872,7,1.0982816,8,1.1262627,1689,2022-07-16,Roadways,1000,1,7,3
Coal,4922,8,1.8081901,11,1.819142,3997,2022-04-20,Waterways,1009,3,4,2
Oil,2654,8,3.8147684,9,3.8519128,2351,2022-10-10,Waterways,1010,1,10,4
Natural Gas,1540,4,1.78146,8,1.8055373,1464,2022-05-12,Waterways,1005,4,5,2
Natural Gas,1929,9,2.3584551,12,2.3741343,1798,2022-11-09,Roadways,1010,3,11,4
Coal,3941,9,4.6823902,10,4.7103103,3791,2022-07-22,Waterways,1005,1,7,3
Natural Gas,1248,5,4.7285907,6,4.7600361,1005,2022-01-10,Waterways,1010,1,1,1
Oil,2928,4,4.6760144,7,4.7169128,2812,2022-09-17,Roadways,1007,3,9,3
Coal,3302,2,2.1546889,3,2.1955323,2947,2022-10-20,Roadways,1014,1,10,4
Natural Gas,2575,7,3.0856267,11,3.1249006,2120,2022-01-22,Waterways,1008,4,1,1
Oil,2404,5,4.4143742,8,4.4343539,2298,2022-09-12,Roadways,1006,3,9,3
Oil,1031,7,4.0874144,11,4.1250218,967,2022-03-28,Roadways,1003,4,3,1
Oil,2360,7,2.2156219,8,2.261161,2119,2022-01-21,Railways,1012,1,1,1
Natural Gas,3819,8,2.7205446,9,2.7488667,3496,2022-02-10,Roadways,1009,1,2,1
Natural Gas,4849,2,4.6269425,3,4.6582349,4155,2022-06-03,Roadways,1007,1,6,2
Oil,3079,4,4.8569204,5,4.8827238,3060,2022-04-08,Roadways,1008,1,4,2
Coal,3509,4,1.2904091,6,1.3226858,3476,2022-11-13,Railways,1008,2,11,4
Natural Gas,2542,2,2.7782555,4,2.7944511,2252,2022-01-18,Waterways,1011,2,1,1
Coal,3057,8,3.5813001,9,3.5966484,2994,2022-05-09,Railways,1003,1,5,2
Coal,2452,7,1.3257523,8,1.3647491,1967,2022-07-22,Railways,1006,1,7,3
Natural Gas,3129,9,3.9010723,13,3.9484788,2528,2022-01-15,Waterways,1004,4,1,1
Oil,3063,6,2.9667206,7,2.9818037,2506,2022-09-12,Railways,1002,1,9,3
Natural Gas,3096,2,3.3155447,6,3.3437412,2581,2022-12-24,Roadways,1000,4,12,4
Oil,2658,5,2.2500242,6,2.2815356,2463,2022-12-08,Railways,1002,1,12,4
Natural Gas,1273,2,1.812938,6,1.8446684,1198,2022-10-23,Railways,1003,4,10,4
Natural Gas,4515,1,2.0846466,5,2.1077257,4122,2022-06-12,Waterways,1007,4,6,2
Natural Gas,1798,4,1.2435556,8,1.283168,1561,2022-11-11,Roadways,1001,4,11,4
Coal,1801,7,2.4220427,9,2.455421,1569,2022-12-13,Railways,1014,2,12,4
Natural Gas,4812,5,1.1922398,9,1.2263923,4689,2022-05-04,Waterways,1008,4,5,2
Coal,3708,9,1.509124,13,1.5372254,3265,2022-04-04,Waterways,1012,4,4,2
Coal,4734,2,4.2092577,3,4.245164,4016,2022-08-16,Railways,1015,1,8,3
Oil,4772,8,2.500811,12,2.5108179,4616,2022-12-24,Waterways,1008,4,12,4
Oil,3677,2,3.5995742,3,3.6205573,3395,2022-05-13,Railways,1000,1,5,2
Coal,3423,2,2.5482166,5,2.5656248,3194,2022-10-14,Railways,1012,3,10,4
Coal,3274,9,2.9727382,13,2.998442,2911,2022-03-06,Railways,1007,4,3,1
Natural Gas,2608,4,2.7901228,5,2.8083541,2213,2022-06-22,Roadways,1012,1,6,2
Oil,1151,8,4.1718193,9,4.1863202,936,2022-10-26,Roadways,1003,1,10,4
Coal,3209,6,4.7165704,8,4.7317727,3087,2022-06-26,Roadways,1012,2,6,2
Natural Gas,3586,7,3.2576424,10,3.2885696,3583,2022-07-02,Roadways,1012,3,7,3
Oil,2576,1,4.5223339,5,4.5372753,2502,2022-02-18,Roadways,1003,4,2,1
Oil,4693,9,2.4281156,13,2.4688003,3769,2022-08-22,Waterways,1014,4,8,3
Coal,2375,7,3.711954,10,3.7551722,2304,2022-03-10,Roadways,1009,3,3,1
Coal,4951,1,4.9457484,4,4.9794968,4409,2022-10-20,Roadways,1013,3,10,4
Natural Gas,3748,7,4.9250441,10,4.9447224,3710,2022-09-18,Roadways,1001,3,9,3
Natural Gas,2935,8,1.1878039,10,1.2043873,2757,2022-10-10,Waterways,1009,2,10,4
Oil,2337,4,3.44971,8,3.4837347,2334,2022-05-09,Waterways,1000,4,5,2
Oil,3490,6,4.9770299,8,4.9924035,3418,2022-03-18,Railways,1002,2,3,1
Oil,2328,7,1.5298094,10,1.5520419,1953,2022-10-17,Waterways,1002,3,10,4
Natural Gas,3789,3,4.7086249,4,4.7319571,3074,2022-05-13,Waterways,1010,1,5,2
Coal,2561,8,2.1121792,9,2.1352634,2154,2022-08-05,Roadways,1005,1,8,3
Oil,2359,8,2.6989759,12,2.7404695,2102,2022-11-03,Roadways,1000,4,11,4
Natural Gas,3074,9,2.8495592,11,2.8992854,2745,2022-06-19,Railways,1001,2,6,2
Natural Gas,3416,4,1.3694624,5,1.4156677,2980,2022-06-18,Railways,1005,1,6,2
Oil,4901,2,2.3408995,4,2.3614611,4268,2022-10-01,Waterways,1010,2,10,4
Coal,3086,3,3.8293475,4,3.8566174,2977,2022-02-17,Railways,1015,1,2,1
Oil,2531,7,4.7538841,10,4.7933836,2082,2022-05-10,Railways,1002,3,5,2
Natural Gas,2648,4,2.8287152,5,2.8449498,2138,2022-09-22,Railways,1011,1,9,3
Oil,2870,3,1.8151032,4,1.8342797,2703,2022-11-03,Roadways,1007,1,11,4
Coal,4436,7,1.3399462,10,1.3653418,4082,2022-01-02,Railways,1007,3,1,1
Oil,4100,4,4.8242048,8,4.8548218,3718,2022-02-18,Roadways,1003,4,2,1
Coal,3759,4,4.6112706,5,4.6259238,3503,2022-08-05,Roadways,1013,1,8,3
Oil,1951,3,2.8360038,4,2.8837996,1765,2022-01-21,Railways,1013,1,1,1
Oil,1821,9,1.4377614,13,1.4788206,1801,2022-05-13,Waterways,1011,4,5,2
Oil,4259,2,4.7913754,6,4.8155825,4139,2022-02-08,Railways,1006,4,2,1
Natural Gas,1936,7,4.3882457,10,4.4150751,1847,2022-09-18,Railways,1002,3,9,3
Coal,2911,1,2.7863998,2,2.8254099,2737,2022-08-14,Roadways,1007,1,8,3
Coal,4732,6,4.8659049,8,4.8817543,4115,2022-11-26,Railways,1015,2,11,4
Natural Gas,4737,2,4.6071194,4,4.6304932,3837,2022-10-15,Railways,1007,2,10,4
Coal,3592,4,1.7165403,6,1.7323496,3005,2022-07-15,Roadways,1007,2,7,3
Coal,2372,2,2.0313293,4,2.062017,2345,2022-02-16,Roadways,1000,2,2,1
Oil,4602,8,3.0326748,12,3.0557854,3681,2022-01-26,Waterways,1012,4,1,1
Natural Gas,3647,2,1.8569846,4,1.8916315,3084,2022-09-17,Railways,1014,2,9,3
Oil,1461,7,2.1722849,8,2.2001518,1433,2022-12-23,Roadways,1005,1,12,4
Oil,1659,5,2.2749373,9,2.2974313,1391,2022-09-02,Roadways,1003,4,9,3
Oil,3967,1,2.5910727,3,2.6335075,3843,2022-04-01,Railways,1004,2,4,2
Oil,1090,4,4.9575974,8,4.9865728,989,2022-12-24,Waterways,1004,4,12,4
Natural Gas,2444,7,3.4795956,10,3.5084148,2039,2022-05-27,Railways,1015,3,5,2
Coal,2032,5,1.3853418,6,1.3975585,2026,2022-02-12,Railways,1009,1,2,1
Oil,4452,4,1.0183558,6,1.0587148,3897,2022-02-12,Railways,1003,2,2,1
Oil,1586,4,1.1730282,6,1.2088723,1319,2022-05-10,Railways,1002,2,5,2
Natural Gas,3693,2,3.7368154,3,3.782043,3070,2022-09-17,Roadways,1009,1,9,3
Oil,4667,5,1.451011,7,1.4700815,4378,2022-05-09,Railways,1001,2,5,2
Coal,1568,2,2.3409167,4,2.3605331,1532,2022-01-11,Railways,1001,2,1,1
Coal,4929,3,2.009867,7,2.0270842,4400,2022-01-02,Roadways,1007,4,1,1
Natural Gas,1574,1,3.024202,3,3.0664642,1268,2022-11-27,Waterways,1003,2,11,4
Coal,2155,2,2.3978675,5,2.4321184,1933,2022-04-08,Railways,1002,3,4,2
Oil,4501,6,2.0852753,9,2.116167,3675,2022-12-02,Roadways,1000,3,12,4
Natural Gas,2196,7,3.0026718,10,3.0326504,1760,2022-07-17,Waterways,1014,3,7,3
Coal,4108,4,2.8620276,8,2.889612,3357,2022-04-24,Roadways,1006,4,4,2
Natural Gas,3851,9,4.2503626,10,4.2788288,3621,2022-04-05,Waterways,1009,1,4,2
Oil,1347,5,1.3337855,7,1.3602421,1186,2022-06-12,Railways,1002,2,6,2
Oil,1086,8,1.1487336,11,1.1855351,934,2022-05-21,Waterways,1007,3,5,2
Natural Gas,3458,5,2.6733254,7,2.7041415,2932,2022-06-09,Roadways,1011,2,6,2
Natural Gas,2536,9,2.0479937,11,2.0801299,2487,2022-05-06,Roadways,1010,2,5,2
Oil,2517,4,4.5254235,8,4.5694077,2401,2022-04-10,Railways,1005,4,4,2
Coal,3777,9,2.6772035,11,2.7129426,3347,2022-02-25,Roadways,1008,2,2,1
Natural Gas,3576,6,2.1637444,9,2.1972689,3415,2022-10-13,Roadways,1000,3,10,4
Coal,1837,6,3.6878116,7,3.7157272,1596,2022-11-12,Waterways,1003,1,11,4
Coal,4284,6,4.3931598,7,4.4390432,3926,2022-01-17,Roadways,1010,1,1,1
Coal,1857,7,4.274346,9,4.3195569,1680,2022-05-22,Waterways,1005,2,5,2
Oil,1070,6,1.7235183,8,1.7436994,945,2022-10-24,Roadways,1006,2,10,4
Coal,4759,9,4.3609527,13,4.4086239,3906,2022-05-01,Railways,1013,4,5,2
Coal,4180,6,1.8867782,8,1.921696,3543,2022-08-24,Railways,1008,2,8,3
Oil,2779,9,2.9789481,13,3.0062036,2230,2022-08-11,Railways,1005,4,8,3
Oil,4446,3,1.8247786,4,1.8552229,4149,2022-02-15,Waterways,1000,1,2,1
Coal,2465,5,4.0394775,9,4.0584072,2459,2022-10-13,Roadways,1009,4,10,4
Natural Gas,2793,9,3.5394741,10,3.5650471,2661,2022-11-11,Railways,1004,1,11,4
Oil,1148,5,4.7643316,6,4.807834,929,2022-06-07,Waterways,1015,1,6,2
Oil,4814,7,2.318901,8,2.350554,4124,2022-07-06,Railways,1005,1,7,3
Oil,2317,3,4.7654611,7,4.8153706,2231,2022-11-21,Railways,1005,4,11,4
Natural Gas,1089,5,2.6715525,7,2.7055499,1011,2022-01-01,Roadways,1009,2,1,1
Coal,4262,7,4.6006551,8,4.6493314,4195,2022-10-01,Waterways,1012,1,10,4
Oil,1130,1,2.2317383,4,2.2611664,924,2022-02-15,Roadways,1014,3,2,1
Natural Gas,2602,9,4.875413,10,4.8935246,2397,2022-09-02,Waterways,1013,1,9,3
Natural Gas,2276,8,2.4228631,9,2.4647054,2236,2022-10-28,Waterways,1007,1,10,4
Oil,4331,1,4.4149354,2,4.4440714,4272,2022-04-25,Roadways,1010,1,4,2
Oil,1690,5,2.6327221,9,2.677709,1396,2022-04-13,Railways,1015,4,4,2
Natural Gas,4746,1,3.3698853,2,3.3822475,3952,2022-02-20,Railways,1000,1,2,1
Coal,3701,9,2.1030336,12,2.1388547,3384,2022-06-10,Waterways,1004,3,6,2
Oil,3912,7,1.4630237,11,1.4969822,3341,2022-08-10,Railways,1009,4,8,3
Natural Gas,4016,7,2.9935258,10,3.0407835,3808,2022-02-02,Railways,1007,3,2,1
Coal,1481,7,2.724832,11,2.7374702,1367,2022-09-16,Railways,1010,4,9,3
Coal,1331,7,1.2833842,10,1.2938374,1169,2022-05-13,Roadways,1009,3,5,2
Natural Gas,1541,8,4.2040289,11,4.2507026,1483,2022-08-18,Waterways,1007,3,8,3
Oil,4617,5,3.9844175,6,4.0170414,4529,2022-11-28,Roadways,1004,1,11,4
Oil,1533,4,4.3468756,5,4.3893972,1349,2022-09-17,Roadways,1008,1,9,3
Oil,2353,9,1.5211138,12,1.5398487,2317,2022-08-25,Roadways,1012,3,8,3
Natural Gas,1894,5,1.3991508,9,1.4123287,1603,2022-03-18,Roadways,1011,4,3,1
Oil,4284,6,4.3183922,10,4.3553995,3851,2022-12-22,Roadways,1006,4,12,4
Coal,2126,3,1.7758707,5,1.8039944,1895,2022-02-02,Roadways,1004,2,2,1
Coal,3848,1,1.819789,2,1.8562171,3726,2022-08-17,Waterways,1002,1,8,3
Coal,3955,4,2.1950858,6,2.2094548,3832,2022-11-02,Railways,1002,2,11,4
Natural Gas,2430,8,2.1953363,12,2.2149113,2010,2022-03-26,Railways,1009,4,3,1
Oil,3376,5,3.8162601,6,3.8494049,3155,2022-12-01,Roadways,1014,1,12,4
Oil,1427,4,2.1574711,8,2.1696944,1421,2022-06-28,Railways,1003,4,6,2
Oil,2586,6,1.6850413,9,1.7244714,2263,2022-01-08,Waterways,1006,3,1,1
Oil,3323,7,3.7743402,11,3.80809,3067,2022-06-20,Roadways,1002,4,6,2
Oil,1899,3,2.3055788,5,2.3411423,1669,2022-05-08,Railways,1005,2,5,2
Natural Gas,2496,3,1.6686595,5,1.6992511,2470,2022-10-28,Waterways,1003,2,10,4
Coal,2437,8,4.202503,11,4.2335607,2195,2022-01-04,Waterways,1008,3,1,1
Natural Gas,1954,7,1.3915175,9,1.4366929,1691,2022-12-17,Waterways,1010,2,12,4
Coal,1807,4,3.8196269,5,3.8400822,1617,2022-07-03,Railways,1003,1,7,3
Coal,1192,2,2.2358824,4,2.2570163,1027,2022-12-26,Waterways,1004,2,12,4
Coal,4520,6,1.459827,8,1.4922354,4126,2022-07-02,Waterways,1013,2,7,3
Natural Gas,2441,3,3.7354326,6,3.7632614,2316,2022-02-10,Roadways,1001,3,2,1
Natural Gas,3292,2,4.3634261,5,4.3802902,3093,2022-07-05,Railways,1011,3,7,3
Coal,3479,3,4.8475815,7,4.8708169,3216,2022-12-06,Roadways,1009,4,12,4
Oil,4281,9,3.2939567,13,3.3393171,4182,2022-12-14,Roadways,1002,4,12,4
Natural Gas,3152,1,4.8733401,3,4.9145902,2713,2022-04-20,Railways,1001,2,4,2
Coal,3289,9,3.2794873,13,3.2972115,3196,2022-05-20,Railways,1012,4,5,2
Coal,2473,5,4.35594,6,4.3827585,2283,2022-03-26,Railways,1002,1,3,1
Coal,1978,8,1.7051413,12,1.7464162,1687,2022-02-12,Roadways,1007,4,2,1
Natural Gas,2244,2,2.4631588,4,2.5049837,2064,2022-10-27,Railways,1001,2,10,4
Natural Gas,4376,3,1.5627716,4,1.6053467,4369,2022-11-11,Railways,1005,1,11,4
Natural Gas,4541,8,1.8643281,10,1.8969761,3726,2022-07-15,Railways,1006,2,7,3
Natural Gas,4956,9,1.7304909,13,1.7666784,4546,2022-09-04,Waterways,1006,4,9,3
Coal,3261,7,3.2283343,8,3.2723827,3185,2022-11-03,Roadways,1001,1,11,4
Oil,4993,8,3.0333927,11,3.047987,4202,2022-08-27,Waterways,1007,3,8,3
Coal,1713,4,3.3561554,6,3.3695839,1697,2022-08-22,Roadways,1006,2,8,3
Oil,2767,8,1.0045475,10,1.0235512,2229,2022-03-22,Roadways,1013,2,3,1
Natural Gas,1560,9,3.0590283,12,3.1029982,1466,2022-10-04,Railways,1011,3,10,4
Oil,2984,8,2.0465106,10,2.089662,2722,2022-10-16,Roadways,1009,2,10,4
Oil,4347,2,4.9704662,6,5.0046002,3958,2022-11-09,Waterways,1002,4,11,4
Oil,2165,4,3.9209956,7,3.9579577,1874,2022-02-27,Waterways,1002,3,2,1
Coal,1606,4,2.4141579,7,2.44537,1574,2022-09-01,Railways,1000,3,9,3
Natural Gas,3075,8,3.6478871,10,3.6596869,2754,2022-02-16,Roadways,1011,2,2,1
Natural Gas,3436,4,2.688195,8,2.702567,3396,2022-01-01,Railways,1007,4,1,1
Coal,1385,7,1.7534488,8,1.7889055,1352,2022-09-18,Waterways,1003,1,9,3
Coal,4668,9,4.1565448,11,4.1733839,4387,2022-03-02,Railways,1004,2,3,1
Oil,3218,3,2.7022024,7,2.7153179,2598,2022-05-01,Railways,1010,4,5,2
Natural Gas,3774,4,2.7922124,6,2.828364,3605,2022-03-04,Roadways,1001,2,3,1
Coal,2116,8,4.4694281,12,4.5151238,1775,2022-07-03,Roadways,1007,4,7,3
Oil,3649,5,4.7821824,9,4.8140883,3448,2022-10-27,Waterways,1013,4,10,4
Natural Gas,1189,4,1.6919868,7,1.7282612,1077,2022-03-03,Waterways,1015,3,3,1
Oil,4799,4,3.2660726,8,3.2907725,3950,2022-09-22,Roadways,1000,4,9,3
Coal,1356,3,2.4539598,7,2.4705415,1174,2022-02-17,Roadways,1004,4,2,1
Coal,3993,8,4.282151,12,4.3087224,3734,2022-04-05,Roadways,1004,4,4,2
Coal,3555,1,3.9289058,5,3.9560989,3543,2022-08-27,Roadways,1014,4,8,3
Coal,1489,4,3.5034175,7,3.5390299,1336,2022-09-04,Railways,1005,3,9,3
Coal,4225,3,3.2025653,6,3.2257337,3866,2022-11-07,Roadways,1005,3,11,4
Natural Gas,1802,5,4.2473371,6,4.2686721,1471,2022-10-25,Railways,1013,1,10,4
Oil,4860,4,4.8312257,5,4.8436019,4115,2022-06-24,Railways,1006,1,6,2
Coal,4017,7,3.619343,11,3.6426212,3743,2022-11-01,Waterways,1005,4,11,4
Natural Gas,1581,7,3.2630223,8,3.3005364,1518,2022-09-20,Waterways,1008,1,9,3
Coal,1485,2,2.1594655,6,2.1912995,1416,2022-02-27,Railways,1010,4,2,1
Natural Gas,4268,7,1.2705688,11,1.3093759,3939,2022-06-12,Railways,1015,4,6,2
Oil,3972,9,3.541595,13,3.5670673,3365,2022-07-27,Railways,1001,4,7,3
Oil,3094,1,2.0062148,3,2.0212966,3087,2022-01-02,Waterways,1002,2,1,1
Coal,4414,9,4.2345241,11,4.2754103,4135,2022-12-10,Waterways,1006,2,12,4
Coal,4156,7,4.5443422,9,4.5782054,4086,2022-07-12,Railways,1001,2,7,3
Oil,4023,5,4.9614021,8,5.0076923,3989,2022-03-06,Roadways,1000,3,3,1
Natural Gas,3649,5,2.326946,8,2.3762666,3216,2022-12-27,Waterways,1009,3,12,4
Natural Gas,2587,7,2.5694812,8,2.5968602,2107,2022-11-14,Railways,1004,1,11,4
Oil,4594,7,2.3921526,8,2.4326659,3990,2022-09-10,Roadways,1015,1,9,3
Natural Gas,1757,9,3.082695,13,3.0931767,1630,2022-04-22,Railways,1013,4,4,2
Coal,4230,9,4.4232896,13,4.4607036,4226,2022-11-08,Roadways,1003,4,11,4
Natural Gas,1457,7,3.5817148,10,3.6175281,1190,2022-11-27,Railways,1003,3,11,4
Natural Gas,1898,3,3.0267286,7,3.0741228,1548,2022-07-08,Roadways,1015,4,7,3
Coal,1046,4,2.5203133,7,2.5624463,1041,2022-01-15,Waterways,1012,3,1,1
Natural Gas,3931,6,3.4704645,8,3.4936089,3574,2022-12-28,Waterways,1011,2,12,4
Natural Gas,1806,4,4.8596622,5,4.8902356,1730,2022-04-28,Waterways,1006,1,4,2
Natural Gas,3492,2,3.3077066,5,3.3254948,2887,2022-09-01,Railways,1001,3,9,3
Natural Gas,3805,1,2.8233503,3,2.8555329,3296,2022-06-18,Waterways,1005,2,6,2
Oil,1921,9,2.4306445,12,2.4554122,1872,2022-05-09,Waterways,1004,3,5,2
Oil,2464,7,4.8358192,11,4.8668758,2261,2022-11-09,Roadways,1014,4,11,4
Oil,2362,6,4.0191974,9,4.0337479,2163,2022-01-13,Railways,1008,3,1,1
Oil,4905,1,3.8081624,5,3.824891,3998,2022-11-08,Waterways,1000,4,11,4
Coal,4136,9,2.3876026,12,2.4082154,3989,2022-07-02,Roadways,1005,3,7,3
Coal,2107,5,3.0928247,7,3.1085181,1975,2022-10-01,Waterways,1011,2,10,4
Oil,4599,2,3.3110737,3,3.3383272,4238,2022-09-10,Waterways,1010,1,9,3
Coal,4702,9,4.037407,13,4.0768937,4465,2022-08-10,Roadways,1011,4,8,3
Oil,4361,4,3.0367405,5,3.0482244,3812,2022-12-17,Railways,1002,1,12,4
Natural Gas,3845,1,1.8750584,4,1.9035083,3372,2022-02-10,Roadways,1007,3,2,1
Coal,4802,9,4.9235512,11,4.9406914,4653,2022-10-07,Railways,1005,2,10,4
Natural Gas,3187,1,4.4224881,2,4.4345688,3092,2022-10-08,Waterways,1005,1,10,4
Oil,4046,3,3.6657176,5,3.6953371,3415,2022-09-13,Roadways,1010,2,9,3
Coal,2031,1,1.1566408,2,1.1864696,1745,2022-03-24,Roadways,1000,1,3,1
Natural Gas,4677,3,2.4913244,4,2.5187701,3943,2022-11-14,Waterways,1005,1,11,4
Coal,1367,3,4.938847,7,4.9818933,1229,2022-05-27,Waterways,1006,4,5,2
Oil,2693,8,2.6330956,9,2.6792101,2479,2022-06-12,Waterways,1012,1,6,2
Oil,3167,8,4.4649626,12,4.4822862,2561,2022-06-28,Railways,1010,4,6,2
Coal,1269,9,4.8782949,11,4.9231998,1050,2022-12-25,Waterways,1006,2,12,4
Oil,2431,3,3.4843408,7,3.5158545,1947,2022-06-03,Waterways,1015,4,6,2
Coal,1371,3,2.5041247,4,2.5357341,1260,2022-10-09,Roadways,1003,1,10,4
Coal,1396,3,4.4731835,6,4.4950461,1265,2022-11-08,Roadways,1013,3,11,4
Oil,4733,9,2.8714097,10,2.9015209,4053,2022-01-13,Roadways,1010,1,1,1
Natural Gas,1220,7,1.4594487,8,1.4938653,1045,2022-04-28,Roadways,1004,1,4,2
Coal,1450,8,4.5954271,12,4.6282203,1431,2022-09-26,Waterways,1006,4,9,3
Natural Gas,4522,5,1.6428198,8,1.6793999,3688,2022-10-05,Roadways,1009,3,10,4
Oil,4382,1,3.9730439,4,3.9901173,3683,2022-09-02,Railways,1003,3,9,3
Natural Gas,4563,7,2.002365,11,2.0206927,4465,2022-11-05,Roadways,1000,4,11,4
Natural Gas,2250,7,3.9836572,9,3.9991931,1960,2022-03-19,Roadways,1013,2,3,1
Oil,4454,6,1.2823446,8,1.3270662,4191,2022-10-26,Railways,1015,2,10,4
Natural Gas,2135,6,1.355797,7,1.3665879,1994,2022-09-23,Roadways,1010,1,9,3
Coal,1182,3,4.4323498,6,4.4517865,1133,2022-04-04,Waterways,1008,3,4,2
Oil,2619,3,1.7369443,4,1.7784313,2281,2022-04-28,Roadways,1007,1,4,2
Natural Gas,1924,2,3.1234185,6,3.1508953,1542,2022-01-26,Roadways,1014,4,1,1
Coal,2776,7,4.1862485,10,4.2264769,2543,2022-02-10,Roadways,1007,3,2,1
Oil,2630,2,1.6053082,6,1.6157188,2290,2022-07-13,Waterways,1006,4,7,3
Oil,3701,4,2.9056839,7,2.9394448,3675,2022-10-08,Railways,1008,3,10,4
Coal,1518,7,2.6978567,8,2.7300141,1465,2022-09-22,Roadways,1014,1,9,3
Oil,2180,9,1.9145464,10,1.9555086,2114,2022-06-22,Waterways,1014,1,6,2
Coal,1963,1,3.889143,3,3.9145604,1867,2022-04-11,Railways,1008,2,4,2
Oil,4351,3,3.3435774,6,3.3808901,4195,2022-08-03,Roadways,1010,3,8,3
Oil,2122,7,3.4861657,8,3.5357799,1882,2022-11-22,Railways,1015,1,11,4
Natural Gas,4663,7,1.1078186,11,1.1502217,4106,2022-07-08,Roadways,1010,4,7,3
Oil,2829,2,2.4376667,4,2.4871128,2520,2022-11-07,Railways,1012,2,11,4
Oil,4933,2,1.6355756,4,1.6766444,4218,2022-02-25,Roadways,1008,2,2,1
Coal,2558,5,1.4845419,8,1.5265644,2287,2022-07-02,Railways,1002,3,7,3
Coal,3653,5,4.6479404,9,4.6638808,2939,2022-12-14,Roadways,1009,4,12,4
Natural Gas,1638,6,3.7623649,9,3.779062,1591,2022-08-18,Railways,1003,3,8,3
Oil,1808,6,3.1840931,8,3.2167652,1669,2022-11-08,Railways,1010,2,11,4
Natural Gas,2783,2,1.8327388,3,1.878236,2426,2022-08-10,Roadways,1015,1,8,3
Coal,3282,1,2.0172263,4,2.037067,2766,2022-10-23,Roadways,1015,3,10,4
Coal,2077,4,4.8767816,7,4.9095325,1978,2022-12-04,Roadways,1009,3,12,4
Coal,2167,2,1.2189149,3,1.2608542,1987,2022-11-11,Roadways,1000,1,11,4
Oil,3770,3,3.9153236,6,3.9307827,3667,2022-01-08,Waterways,1002,3,1,1
Oil,4798,4,3.9610743,5,3.989197,4765,2022-04-25,Railways,1010,1,4,2
Oil,4408,1,4.9208296,5,4.9322945,4045,2022-07-24,Waterways,1005,4,7,3
Oil,3762,5,3.5089056,9,3.5453231,3533,2022-12-12,Roadways,1006,4,12,4
Coal,1656,3,1.5249549,7,1.5729295,1568,2022-08-12,Roadways,1009,4,8,3
Coal,2279,1,4.7734888,5,4.8003155,2022,2022-04-15,Waterways,1013,4,4,2
Coal,2817,1,2.9725632,4,2.9882364,2322,2022-10-25,Railways,1002,3,10,4
Coal,4130,5,4.5523098,9,4.5963251,3494,2022-02-16,Roadways,1003,4,2,1
Oil,2913,9,4.2580194,10,4.2721851,2688,2022-04-25,Waterways,1005,1,4,2
Oil,1160,8,3.39691,10,3.412486,994,2022-07-14,Roadways,1006,2,7,3
Natural Gas,2607,1,3.8818199,3,3.9272164,2167,2022-06-12,Railways,1000,2,6,2
Oil,4343,6,1.5639529,8,1.5837261,4176,2022-10-03,Waterways,1003,2,10,4
Natural Gas,4174,5,3.2415324,7,3.2604727,3911,2022-07-28,Roadways,1000,2,7,3
Oil,3947,5,3.004705,6,3.0368412,3169,2022-01-17,Roadways,1011,1,1,1
Oil,2104,7,2.0336913,8,2.0528554,1762,2022-09-26,Waterways,1013,1,9,3
Oil,4249,9,4.6323717,12,4.6520243,3886,2022-01-19,Railways,1014,3,1,1
Oil,1477,8,2.4769156,12,2.5201172,1468,2022-09-27,Roadways,1004,4,9,3
Coal,2468,5,2.9899482,8,3.0247709,2336,2022-06-04,Waterways,1008,3,6,2
Oil,3878,6,4.1434687,9,4.1575675,3140,2022-10-28,Waterways,1010,3,10,4
Oil,1356,7,1.5721425,9,1.6140039,1213,2022-02-07,Roadways,1005,2,2,1
Coal,1376,5,1.491983,9,1.5022126,1361,2022-12-11,Roadways,1001,4,12,4
Coal,1400,8,4.3725182,12,4.3859549,1156,2022-06-12,Waterways,1002,4,6,2
Natural Gas,2947,9,3.3187586,10,3.3399927,2511,2022-02-06,Roadways,1007,1,2,1
Natural Gas,2058,3,3.3492652,7,3.3753307,1824,2022-12-24,Waterways,1007,4,12,4
Oil,2350,7,1.5695252,8,1.5854883,2316,2022-09-27,Roadways,1013,1,9,3
Oil,1697,9,1.4180251,12,1.4398654,1695,2022-02-03,Railways,1001,3,2,1
Coal,2371,8,4.8331547,10,4.8729797,2346,2022-02-02,Roadways,1007,2,2,1
Coal,2713,6,1.5346523,9,1.5535561,2566,2022-01-08,Roadways,1010,3,1,1
Oil,2969,8,1.8487302,11,1.8804421,2732,2022-08-05,Railways,1014,3,8,3
Natural Gas,1619,6,2.2835209,10,2.3047939,1561,2022-09-08,Railways,1012,4,9,3
Coal,4464,6,1.116998,9,1.1367144,4450,2022-04-04,Railways,1004,3,4,2
Natural Gas,3937,7,4.2779849,8,4.319973,3644,2022-01-28,Roadways,1015,1,1,1
Natural Gas,3923,6,1.5046914,10,1.5375831,3597,2022-08-02,Railways,1002,4,8,3
Coal,4689,6,4.7930234,10,4.8379748,4362,2022-04-08,Roadways,1015,4,4,2
Natural Gas,4398,9,2.2418638,12,2.2694546,3969,2022-03-19,Roadways,1011,3,3,1
Oil,4525,6,4.0283625,8,4.0504477,3839,2022-03-18,Waterways,1012,2,3,1
Coal,2354,9,2.2757253,13,2.3013004,2169,2022-03-14,Roadways,1001,4,3,1
Coal,4961,8,4.0754305,12,4.1241503,4462,2022-10-03,Railways,1011,4,10,4
Natural Gas,1261,9,3.2693088,11,3.3172416,1050,2022-11-10,Roadways,1008,2,11,4
Coal,1620,9,1.2794797,12,1.2914629,1490,2022-05-26,Waterways,1000,3,5,2
Oil,2860,9,3.2125391,10,3.2389363,2727,2022-11-13,Roadways,1009,1,11,4
Oil,1425,8,4.9871824,10,5.023028,1268,2022-10-18,Roadways,1001,2,10,4
Natural Gas,2626,4,1.3608821,6,1.3918981,2140,2022-03-10,Railways,1006,2,3,1
Oil,3159,1,2.2542827,2,2.2662047,2860,2022-01-16,Railways,1012,1,1,1
Oil,4810,1,3.8146197,5,3.8637629,4157,2022-07-15,Railways,1012,4,7,3
Natural Gas,4883,6,3.6670402,7,3.6982748,4739,2022-05-27,Railways,1015,1,5,2
Natural Gas,3417,2,2.873049,5,2.8919701,2761,2022-11-17,Roadways,1009,3,11,4
Oil,1874,3,3.9172582,6,3.9403917,1530,2022-09-01,Railways,1008,3,9,3
Coal,3967,8,2.5122751,9,2.5485383,3692,2022-02-27,Roadways,1001,1,2,1
Oil,4083,8,1.2788517,11,1.3088837,3355,2022-09-24,Railways,1006,3,9,3
Natural Gas,4491,1,3.7858957,3,3.8074105,3864,2022-07-22,Roadways,1004,2,7,3
Coal,2405,5,3.9073019,8,3.9341205,2179,2022-01-27,Railways,1001,3,1,1
Coal,3221,4,3.825082,8,3.8697509,2794,2022-06-12,Railways,1014,4,6,2
Oil,3666,9,2.7894905,10,2.8335179,3190,2022-02-08,Railways,1008,1,2,1
Natural Gas,3218,2,4.1667213,4,4.2068638,2578,2022-12-27,Waterways,1008,2,12,4
Oil,3400,6,2.1391662,10,2.1561888,2974,2022-08-26,Railways,1012,4,8,3
Oil,4720,7,2.2715863,8,2.3188807,4708,2022-07-24,Waterways,1012,1,7,3
Natural Gas,3770,8,1.0559455,12,1.0785092,3757,2022-01-20,Waterways,1011,4,1,1
Oil,2069,6,4.9317122,9,4.9545203,1914,2022-01-15,Waterways,1002,3,1,1
Coal,3832,6,4.4140557,9,4.4321938,3216,2022-11-25,Roadways,1005,3,11,4
Coal,1406,5,1.1415558,6,1.1742102,1223,2022-02-10,Railways,1005,1,2,1
Natural Gas,4295,5,4.5264516,7,4.541269,4226,2022-06-15,Waterways,1002,2,6,2
Coal,1679,8,2.4935129,12,2.5373945,1348,2022-09-23,Waterways,1002,4,9,3
Coal,4401,9,4.6173404,12,4.6661124,3900,2022-10-19,Railways,1001,3,10,4
Coal,3508,6,2.5389172,10,2.5637245,2816,2022-06-07,Railways,1004,4,6,2
Coal,3189,7,2.1343878,10,2.1779806,2925,2022-07-26,Railways,1002,3,7,3
Coal,3007,6,4.4683452,9,4.5182501,2602,2022-09-05,Roadways,1011,3,9,3
Natural Gas,1927,1,1.9061338,3,1.9388921,1917,2022-10-23,Roadways,1007,2,10,4
Natural Gas,2251,2,3.0494168,5,3.0856241,1965,2022-10-20,Railways,1012,3,10,4
Natural Gas,3819,8,1.2850877,9,1.3279328,3564,2022-04-01,Railways,1010,1,4,2
Oil,3260,9,2.2407487,13,2.2810228,2759,2022-09-27,Roadways,1001,4,9,3
Natural Gas,4502,1,1.4247937,2,1.4723102,3793,2022-03-13,Waterways,1009,1,3,1
Natural Gas,4506,8,3.6809466,12,3.709591,4089,2022-06-03,Railways,1015,4,6,2
Oil,1260,3,2.1428753,4,2.1696043,1249,2022-08-15,Roadways,1008,1,8,3
Oil,3063,6,1.1493109,9,1.1772014,2773,2022-05-19,Railways,1014,3,5,2
Coal,1980,3,3.2666949,4,3.2884436,1974,2022-11-15,Roadways,1009,1,11,4
Oil,3342,8,1.4487622,10,1.4676148,2956,2022-08-22,Railways,1008,2,8,3
Coal,2152,5,4.8684113,8,4.9113961,1928,2022-10-11,Roadways,1001,3,10,4
Natural Gas,2351,2,1.5823263,5,1.6103297,2069,2022-01-02,Railways,1000,3,1,1
Oil,1616,5,4.8468512,7,4.8945731,1362,2022-06-03,Railways,1002,2,6,2
Coal,3125,9,3.7597361,12,3.7929907,3042,2022-06-17,Railways,1015,3,6,2
Oil,1079,1,1.4532596,4,1.4813693,957,2022-07-04,Railways,1010,3,7,3
Oil,3266,4,4.3681404,6,4.4045447,3010,2022-03-18,Waterways,1015,2,3,1
Coal,1054,4,4.9888513,5,5.0023236,918,2022-06-14,Railways,1005,1,6,2
Coal,1420,3,3.3814685,6,3.402615,1337,2022-11-14,Railways,1010,3,11,4
Natural Gas,3255,3,4.4440152,4,4.4927201,2981,2022-06-27,Waterways,1011,1,6,2
Coal,2664,7,4.5738512,11,4.6154203,2299,2022-08-07,Roadways,1007,4,8,3
Natural Gas,1133,6,4.9540737,7,4.984927,908,2022-07-24,Roadways,1010,1,7,3
Coal,3667,3,4.8251134,7,4.8657325,3555,2022-10-12,Roadways,1011,4,10,4
Natural Gas,4428,4,3.0413922,6,3.0517899,3741,2022-04-01,Waterways,1001,2,4,2
Oil,1210,8,4.5133892,9,4.5574502,1045,2022-06-10,Railways,1000,1,6,2
Oil,2917,7,1.3767285,8,1.3911875,2510,2022-01-05,Railways,1010,1,1,1
Oil,4268,9,4.1111678,12,4.1271675,3907,2022-09-17,Railways,1009,3,9,3
Coal,1811,1,1.8703243,5,1.8810151,1809,2022-02-26,Roadways,1002,4,2,1
Coal,1634,2,1.035184,6,1.0785595,1327,2022-04-14,Waterways,1007,4,4,2
Coal,3514,5,1.3389544,6,1.3715013,2862,2022-11-25,Waterways,1014,1,11,4
Natural Gas,3614,9,4.0972343,13,4.1375839,3166,2022-06-28,Roadways,1003,4,6,2
Coal,2754,7,3.4674293,9,3.4838411,2359,2022-11-20,Railways,1009,2,11,4
Coal,3472,5,1.1100652,8,1.1318424,3015,2022-02-22,Waterways,1013,3,2,1
Oil,4504,7,4.5200993,8,4.5581195,3953,2022-01-16,Railways,1007,1,1,1
Natural Gas,3902,3,1.1074216,6,1.1197102,3647,2022-05-14,Waterways,1013,3,5,2
Oil,1884,5,1.9638283,7,2.00764,1570,2022-04-19,Waterways,1013,2,4,2
Natural Gas,2810,4,2.2155137,6,2.2530609,2696,2022-04-09,Roadways,1009,2,4,2
Natural Gas,1166,7,1.8103351,8,1.8204025,1017,2022-11-03,Waterways,1013,1,11,4
Oil,3875,9,1.3985487,13,1.4121601,3159,2022-02-01,Roadways,1005,4,2,1
Oil,2618,3,1.2512217,4,1.2617118,2136,2022-12-10,Railways,1015,1,12,4
Oil,1182,6,4.6015975,9,4.6405337,1084,2022-10-02,Railways,1009,3,10,4
Coal,4820,1,3.4814599,2,3.5105368,4557,2022-01-01,Railways,1006,1,1,1
Natural Gas,2093,2,3.2807571,5,3.2916306,2000,2022-04-11,Waterways,1001,3,4,2
Natural Gas,2351,9,3.0580513,13,3.0835861,2013,2022-12-13,Railways,1014,4,12,4
Coal,3976,8,4.0758117,9,4.11717,3681,2022-01-03,Waterways,1013,1,1,1
Oil,3658,4,2.2720381,6,2.3205924,3644,2022-08-12,Waterways,1006,2,8,3
Natural Gas,1203,5,2.2414323,7,2.2757863,977,2022-08-22,Roadways,1008,2,8,3
Coal,4916,6,2.9673684,9,2.9812308,4370,2022-12-28,Waterways,1005,3,12,4
Oil,3700,7,4.8069326,11,4.8561567,3390,2022-01-25,Waterways,1000,4,1,1
Coal,2569,1,2.0144417,3,2.0460825,2347,2022-09-20,Roadways,1005,2,9,3
Oil,1621,6,4.6226375,10,4.643558,1553,2022-01-04,Roadways,1015,4,1,1
Natural Gas,3448,9,3.8681533,10,3.9155399,3437,2022-11-06,Roadways,1006,1,11,4
Coal,1109,7,3.0768732,8,3.1163652,1079,2022-10-15,Roadways,1003,1,10,4
Natural Gas,3005,4,2.4081678,8,2.419683,2572,2022-06-06,Waterways,1008,4,6,2
Oil,2477,3,3.2355933,6,3.2562828,2428,2022-12-28,Roadways,1002,3,12,4
Oil,2641,7,1.2160903,9,1.2542614,2249,2022-10-11,Railways,1009,2,10,4
Coal,1132,1,2.7454946,3,2.7725114,975,2022-07-06,Roadways,1002,2,7,3
Coal,3900,7,3.5048342,11,3.5514236,3653,2022-08-10,Railways,1005,4,8,3
Oil,1638,3,3.362605,4,3.4112144,1433,2022-08-07,Railways,1015,1,8,3
Natural Gas,2510,8,3.4818983,9,3.530241,2025,2022-04-06,Roadways,1006,1,4,2
Coal,3712,4,3.256434,5,3.2725188,3514,2022-05-11,Railways,1003,1,5,2
Coal,3239,7,1.5758267,9,1.6100259,2687,2022-01-19,Railways,1013,2,1,1
Natural Gas,3586,9,4.3034002,13,4.3382725,3393,2022-11-01,Railways,1002,4,11,4
Coal,3928,1,2.5233125,5,2.5372317,3652,2022-08-24,Waterways,1015,4,8,3
Natural Gas,2236,9,2.9199025,10,2.958224,2197,2022-10-13,Railways,1010,1,10,4
Natural Gas,3152,1,1.1286166,5,1.1464256,2745,2022-06-08,Railways,1014,4,6,2
Oil,3659,7,1.0771433,11,1.087313,2970,2022-10-02,Roadways,1015,4,10,4
Natural Gas,2218,3,1.3762694,5,1.4216048,2020,2022-05-02,Waterways,1005,2,5,2
Coal,2908,5,2.4335963,8,2.456467,2754,2022-06-19,Railways,1009,3,6,2
Natural Gas,1902,4,2.648434,5,2.6711885,1892,2022-07-08,Railways,1002,1,7,3
Oil,2950,3,2.2601644,5,2.2917153,2659,2022-01-24,Waterways,1001,2,1,1
Oil,3854,5,4.555027,6,4.5688608,3127,2022-10-03,Railways,1013,1,10,4
Coal,3029,6,4.9952641,9,5.0301904,2486,2022-09-01,Waterways,1011,3,9,3
Coal,3252,8,1.081932,9,1.1089169,2627,2022-03-08,Railways,1013,1,3,1
Oil,4608,1,4.7666667,5,4.7839986,4507,2022-04-02,Waterways,1015,4,4,2
Oil,1772,2,4.3444353,5,4.3853265,1452,2022-01-07,Roadways,1006,3,1,1
Coal,3971,7,1.9358361,9,1.9560669,3524,2022-12-01,Roadways,1015,2,12,4
Oil,4368,7,4.0235313,9,4.0479386,3939,2022-06-04,Railways,1000,2,6,2
Natural Gas,4153,2,1.7203808,6,1.7558747,4127,2022-08-20,Waterways,1011,4,8,3
Natural Gas,4952,7,2.8179127,11,2.831828,4910,2022-01-12,Waterways,1007,4,1,1
Oil,2709,3,1.6283585,5,1.6576834,2640,2022-04-21,Waterways,1003,2,4,2
Natural Gas,1185,7,2.2827798,10,2.3229808,1091,2022-07-20,Waterways,1006,3,7,3
Oil,3664,8,3.9384403,9,3.9607137,3402,2022-12-12,Waterways,1011,1,12,4
Oil,4262,2,4.5770245,5,4.6001441,3860,2022-08-14,Railways,1011,3,8,3
Coal,2383,3,2.954976,7,2.9789983,2212,2022-10-25,Waterways,1009,4,10,4
Coal,2139,5,4.6385772,7,4.6535282,2127,2022-08-03,Roadways,1009,2,8,3
Oil,1479,1,2.9544479,4,2.9714514,1379,2022-07-22,Roadways,1013,3,7,3
Coal,1828,6,4.0314531,8,4.055271,1755,2022-03-07,Waterways,1014,2,3,1
Coal,3999,8,1.8413506,10,1.8836975,3663,2022-08-06,Roadways,1000,2,8,3
Coal,2842,6,3.6551703,10,3.69066,2791,2022-01-14,Roadways,1001,4,1,1
Natural Gas,2864,6,3.4597952,10,3.478721,2813,2022-11-03,Roadways,1000,4,11,4
Coal,3534,5,3.7031945,6,3.7511021,3424,2022-08-18,Waterways,1001,1,8,3
Oil,4583,6,4.1717442,7,4.2137992,4257,2022-03-07,Waterways,1002,1,3,1
Coal,1721,9,4.4974131,13,4.508961,1554,2022-05-25,Waterways,1011,4,5,2
Oil,3355,1,3.357459,2,3.3997905,2987,2022-03-24,Railways,1011,1,3,1
Oil,4099,9,3.8371441,12,3.8669922,3404,2022-05-17,Waterways,1013,3,5,2
Oil,3896,6,1.7378821,9,1.7704651,3120,2022-04-01,Railways,1005,3,4,2
Coal,4590,9,1.1053197,12,1.1441398,4483,2022-04-03,Railways,1009,3,4,2
Natural Gas,1384,8,4.5511467,10,4.5687239,1257,2022-08-02,Waterways,1014,2,8,3
Oil,4335,4,4.3098009,5,4.3297517,4000,2022-01-02,Waterways,1008,1,1,1
Oil,3553,7,3.4557887,9,3.4988559,3235,2022-11-24,Roadways,1003,2,11,4
Oil,2548,9,2.7805808,13,2.8213791,2335,2022-07-27,Waterways,1009,4,7,3
Natural Gas,2133,5,3.3660106,8,3.4062115,2052,2022-12-18,Railways,1008,3,12,4
Natural Gas,3716,9,2.9630271,11,2.9809377,3189,2022-03-08,Railways,1011,2,3,1
Oil,4011,3,4.1800129,6,4.2274502,3960,2022-07-05,Railways,1011,3,7,3
Natural Gas,2385,3,2.1585952,7,2.2079587,2228,2022-01-15,Waterways,1005,4,1,1
Natural Gas,4685,5,1.2815218,6,1.2983487,4617,2022-06-12,Waterways,1008,1,6,2
Natural Gas,2320,1,2.2825642,4,2.3257011,2000,2022-01-17,Railways,1010,3,1,1
Oil,2990,6,2.6671586,10,2.707764,2408,2022-08-14,Roadways,1015,4,8,3
Natural Gas,2818,4,4.5811349,8,4.5925005,2749,2022-07-20,Waterways,1011,4,7,3
Coal,2342,4,2.3103284,5,2.3410758,1880,2022-07-09,Waterways,1001,1,7,3
Oil,3988,2,3.8028383,6,3.8522169,3291,2022-07-22,Waterways,1012,4,7,3
Oil,1852,2,3.2660325,5,3.3028681,1655,2022-11-09,Roadways,1014,3,11,4
Natural Gas,2990,5,4.0603514,8,4.0913376,2546,2022-09-26,Roadways,1001,3,9,3
Oil,1245,8,1.1591416,9,1.1788626,1061,2022-11-27,Waterways,1009,1,11,4
Natural Gas,1732,3,4.3201828,4,4.3627767,1425,2022-04-27,Roadways,1002,1,4,2
Oil,2945,9,1.6590755,12,1.6994443,2626,2022-06-28,Railways,1006,3,6,2
Natural Gas,2431,9,4.7163365,11,4.7279437,2050,2022-01-14,Waterways,1008,2,1,1
Coal,2301,3,4.5637533,4,4.5832571,2124,2022-09-06,Roadways,1008,1,9,3
Coal,1562,6,4.4282447,7,4.468988,1367,2022-11-06,Waterways,1005,1,11,4
Oil,3391,1,4.1927428,2,4.2421387,3261,2022-01-11,Waterways,1003,1,1,1
Coal,1372,5,3.4689017,9,3.4996518,1181,2022-12-27,Railways,1013,4,12,4
Natural Gas,1625,5,4.219581,6,4.2334204,1347,2022-01-13,Roadways,1003,1,1,1
Coal,1146,8,1.5630196,9,1.5925745,1145,2022-01-04,Railways,1003,1,1,1
Coal,1680,3,2.8860475,6,2.9064118,1472,2022-09-25,Roadways,1015,3,9,3
Natural Gas,1906,7,1.0947921,10,1.1191977,1892,2022-12-27,Railways,1000,3,12,4
Coal,2191,3,1.1180858,5,1.1384418,1958,2022-03-14,Railways,1014,2,3,1
Coal,1382,7,1.851333,11,1.8972686,1165,2022-08-18,Railways,1002,4,8,3
Oil,4982,1,4.1737771,4,4.2202642,4011,2022-06-04,Railways,1002,3,6,2
Natural Gas,2018,6,3.2665374,7,3.281345,1974,2022-03-15,Roadways,1002,1,3,1
Oil,2055,3,2.4312953,6,2.4507818,1893,2022-06-12,Waterways,1000,3,6,2
Oil,4495,2,2.3004463,3,2.3321657,3945,2022-09-03,Railways,1006,1,9,3
Oil,3531,6,4.4604379,10,4.4827592,2852,2022-07-24,Waterways,1004,4,7,3
Natural Gas,2715,6,3.7783522,8,3.8236254,2263,2022-06-23,Railways,1005,2,6,2
Natural Gas,4485,5,3.883583,9,3.9272723,4143,2022-03-13,Roadways,1011,4,3,1
Oil,3262,3,3.78871,4,3.8147263,3058,2022-05-25,Waterways,1009,1,5,2
Coal,4356,3,2.4226943,5,2.439014,4270,2022-12-26,Railways,1000,2,12,4
Oil,2355,1,3.2346495,5,3.2529475,2282,2022-12-13,Railways,1011,4,12,4
Coal,2592,2,3.5774217,3,3.6245048,2528,2022-05-14,Waterways,1006,1,5,2
Oil,3187,4,1.3288148,8,1.3560481,2894,2022-05-04,Waterways,1007,4,5,2
Coal,1254,2,2.4200729,5,2.4356537,1160,2022-01-07,Roadways,1005,3,1,1
Oil,3272,4,3.4638765,6,3.5053309,3031,2022-06-10,Waterways,1002,2,6,2
Coal,4033,9,2.2777099,13,2.3182704,3791,2022-05-19,Waterways,1011,4,5,2
Natural Gas,1862,1,2.6150644,5,2.6457862,1774,2022-02-09,Railways,1004,4,2,1
Coal,1152,6,1.486199,9,1.5161328,967,2022-02-08,Railways,1012,3,2,1
Coal,3063,7,3.9183342,11,3.9544159,3024,2022-01-15,Waterways,1014,4,1,1
Oil,1348,2,1.1544948,3,1.1946415,1090,2022-09-25,Roadways,1006,1,9,3
Coal,2977,6,1.9540045,10,1.9758529,2574,2022-04-26,Railways,1000,4,4,2
Coal,3966,8,1.4534282,11,1.4933993,3823,2022-01-16,Railways,1002,3,1,1
Coal,2037,6,2.6967421,7,2.7456151,2029,2022-09-12,Railways,1006,1,9,3
Natural Gas,4646,4,1.5450401,6,1.5908806,4270,2022-03-16,Waterways,1010,2,3,1
Coal,1572,4,4.6071124,7,4.6523087,1294,2022-11-13,Railways,1011,3,11,4
Natural Gas,3416,9,3.5002927,11,3.5151132,3070,2022-11-21,Roadways,1004,2,11,4
Natural Gas,2530,5,1.3617165,6,1.399245,2479,2022-02-20,Waterways,1012,1,2,1
Coal,2354,2,1.3338459,6,1.353546,2132,2022-08-15,Roadways,1009,4,8,3
Natural Gas,3377,5,2.9227519,6,2.9406876,3138,2022-08-06,Waterways,1014,1,8,3
Oil,1935,3,2.3881825,5,2.435497,1746,2022-10-06,Roadways,1013,2,10,4
Coal,3952,2,1.6909355,6,1.7277239,3362,2022-12-24,Railways,1012,4,12,4
Natural Gas,4174,9,1.6154871,11,1.6471493,3503,2022-03-22,Railways,1007,2,3,1
Coal,4516,7,2.4570504,10,2.5009816,4232,2022-10-03,Waterways,1000,3,10,4
Natural Gas,4225,3,4.9179059,6,4.9650068,3533,2022-04-22,Railways,1011,3,4,2
Coal,3896,8,3.8638549,12,3.8945812,3689,2022-01-17,Roadways,1011,4,1,1
Oil,3717,2,4.2976142,6,4.33271,3162,2022-04-23,Roadways,1003,4,4,2
Oil,3549,4,2.4047265,5,2.4304366,3350,2022-01-09,Railways,1006,1,1,1
Natural Gas,4011,6,1.9045799,7,1.9543251,3678,2022-01-14,Waterways,1005,1,1,1
Natural Gas,2331,6,2.3723755,9,2.3986209,2271,2022-08-08,Railways,1008,3,8,3
Natural Gas,4502,5,3.3508239,9,3.3925574,3668,2022-12-15,Roadways,1008,4,12,4
Coal,1428,7,2.46372,9,2.5084582,1291,2022-12-17,Waterways,1010,2,12,4
Oil,1889,4,4.3148405,7,4.3278088,1613,2022-07-07,Railways,1010,3,7,3
Oil,4421,1,3.3901702,4,3.4062435,3685,2022-11-15,Railways,1006,3,11,4
Coal,3398,4,3.1088614,8,3.1240589,2956,2022-07-09,Railways,1015,4,7,3
Oil,2801,2,4.8073958,5,4.8378115,2575,2022-09-24,Roadways,1011,3,9,3
Natural Gas,2249,2,2.5116022,6,2.5226225,2157,2022-05-03,Railways,1014,4,5,2
Coal,2893,2,3.1890936,5,3.2098193,2535,2022-10-09,Waterways,1011,3,10,4
Oil,1678,7,1.1406185,8,1.1819402,1405,2022-11-18,Waterways,1015,1,11,4
Natural Gas,3991,1,3.5363674,4,3.552925,3942,2022-12-09,Railways,1013,3,12,4
Coal,3104,4,2.1996035,8,2.2289115,2793,2022-04-19,Waterways,1006,4,4,2
Oil,1106,6,3.8078246,7,3.8261003,1080,2022-07-02,Waterways,1002,1,7,3
Natural Gas,2226,1,4.0273361,2,4.0423194,1969,2022-01-02,Roadways,1015,1,1,1
Natural Gas,2942,1,1.0416801,5,1.0566536,2717,2022-05-03,Railways,1004,4,5,2
Natural Gas,4180,7,3.0296141,9,3.0704139,3728,2022-03-13,Roadways,1000,2,3,1
Coal,1381,8,4.0707577,9,4.1203378,1204,2022-04-16,Roadways,1015,1,4,2
Coal,4369,8,1.0617835,10,1.0948747,4090,2022-12-23,Roadways,1015,2,12,4
Natural Gas,2397,4,4.7256188,7,4.7389226,2134,2022-06-06,Railways,1003,3,6,2
Coal,2534,1,4.2901509,5,4.3273638,2129,2022-03-01,Railways,1014,4,3,1
Natural Gas,1268,1,2.8678765,2,2.8942876,1106,2022-05-24,Roadways,1013,1,5,2
Oil,1726,6,3.7337657,9,3.762525,1581,2022-05-20,Waterways,1011,3,5,2
Coal,2917,6,2.6290451,8,2.6674911,2768,2022-02-28,Railways,1011,2,2,1
Oil,3312,9,4.4991575,13,4.5399819,3215,2022-08-17,Roadways,1008,4,8,3
Coal,3241,5,3.0579269,8,3.0684913,2874,2022-08-04,Waterways,1006,3,8,3
Coal,4452,8,3.8088584,9,3.8295251,4004,2022-03-07,Roadways,1003,1,3,1
Oil,3226,5,3.4708149,8,3.5083099,3152,2022-08-17,Railways,1003,3,8,3
Natural Gas,4648,3,1.1076398,7,1.1555352,4561,2022-09-03,Roadways,1004,4,9,3
Oil,3359,7,3.5729032,10,3.6101035,2714,2022-04-16,Roadways,1004,3,4,2
Natural Gas,1316,7,2.735564,9,2.7772696,1214,2022-09-02,Roadways,1002,2,9,3
Oil,1847,4,4.9369465,5,4.9700461,1668,2022-04-19,Waterways,1010,1,4,2
Natural Gas,2727,4,4.9636003,7,4.99713,2415,2022-05-11,Waterways,1000,3,5,2
Natural Gas,1038,6,1.8939057,10,1.9112599,894,2022-01-16,Railways,1009,4,1,1
Natural Gas,3425,9,3.2898487,10,3.338928,2974,2022-02-15,Railways,1001,1,2,1
Coal,4789,4,2.5156998,5,2.5648574,4438,2022-02-15,Railways,1014,1,2,1
Oil,3111,1,2.3008147,4,2.3116644,2652,2022-11-17,Railways,1008,3,11,4
Natural Gas,3114,4,1.3668294,8,1.4117719,2550,2022-04-11,Waterways,1004,4,4,2
Coal,2336,1,1.3766735,5,1.4145821,2147,2022-10-01,Roadways,1011,4,10,4
Natural Gas,3529,4,3.4698114,6,3.5104929,3051,2022-07-25,Railways,1003,2,7,3
Oil,4505,2,2.7655232,4,2.8114686,4087,2022-03-02,Railways,1013,2,3,1
Coal,1111,5,3.9510537,6,3.9713193,1048,2022-12-10,Railways,1002,1,12,4
Natural Gas,3627,8,1.1063997,9,1.132956,3587,2022-07-10,Roadways,1003,1,7,3
Natural Gas,2710,3,3.867677,7,3.8894038,2644,2022-11-20,Railways,1003,4,11,4
Oil,1553,6,1.95631,9,1.9828052,1504,2022-12-03,Railways,1012,3,12,4
Coal,3188,7,2.5991203,8,2.6104586,2781,2022-04-26,Railways,1006,1,4,2
Oil,2942,9,2.5109626,10,2.5250318,2634,2022-04-11,Waterways,1002,1,4,2
Oil,1243,5,3.3297613,9,3.364926,1083,2022-11-22,Roadways,1006,4,11,4
Oil,4426,1,2.3208939,3,2.3476102,3735,2022-12-15,Railways,1009,2,12,4
Natural Gas,2855,8,2.5562773,10,2.5771003,2616,2022-08-13,Waterways,1004,2,8,3
Coal,1046,6,2.2453991,8,2.2815543,991,2022-08-16,Railways,1010,2,8,3
Coal,2761,7,4.0104968,10,4.024425,2295,2022-01-17,Waterways,1003,3,1,1
Natural Gas,3786,4,3.8103796,6,3.8365966,3077,2022-01-20,Waterways,1001,2,1,1
Coal,1157,9,4.9737179,13,4.9916025,977,2022-11-17,Waterways,1006,4,11,4
Natural Gas,1764,3,4.2843664,4,4.3333285,1665,2022-02-16,Roadways,1014,1,2,1
Coal,2124,8,2.3304609,9,2.377589,1763,2022-01-04,Waterways,1015,1,1,1
Coal,3772,9,4.6413673,12,4.6713319,3391,2022-03-20,Waterways,1015,3,3,1
Coal,3931,9,3.3036027,12,3.3376631,3890,2022-05-11,Railways,1007,3,5,2
Oil,3093,3,4.0769422,6,4.0945072,2626,2022-04-16,Railways,1000,3,4,2
Natural Gas,3526,3,3.8197587,4,3.8313775,2882,2022-08-13,Roadways,1014,1,8,3
Oil,1707,2,3.9010194,5,3.9444742,1639,2022-07-05,Waterways,1012,3,7,3
Coal,4016,3,1.5175869,5,1.5366503,3713,2022-06-16,Roadways,1011,2,6,2
Coal,2891,3,1.5281726,4,1.5691647,2736,2022-02-27,Railways,1006,1,2,1
Natural Gas,3807,5,1.5641098,9,1.5876302,3196,2022-07-19,Roadways,1000,4,7,3
Oil,3960,5,1.2512338,8,1.2647226,3229,2022-03-20,Roadways,1001,3,3,1
Coal,2747,9,3.3246053,13,3.3719585,2501,2022-06-13,Railways,1014,4,6,2
Coal,3133,9,3.0727905,11,3.117051,2981,2022-06-24,Waterways,1011,2,6,2
Natural Gas,3934,2,1.1986774,5,1.219891,3512,2022-05-19,Waterways,1012,3,5,2
Natural Gas,3093,8,1.4561492,11,1.4881912,2572,2022-02-16,Roadways,1005,3,2,1
Natural Gas,2748,8,1.5246199,12,1.5569961,2611,2022-01-08,Waterways,1000,4,1,1
Natural Gas,2139,5,2.3048444,8,2.3161472,1729,2022-10-26,Waterways,1010,3,10,4
Natural Gas,3534,8,2.6412926,11,2.6578513,2970,2022-07-25,Railways,1012,3,7,3
Oil,4327,3,3.0972923,6,3.13902,4262,2022-10-28,Roadways,1002,3,10,4
Natural Gas,1679,3,4.4038288,6,4.4535124,1512,2022-11-09,Railways,1003,3,11,4
Oil,2400,5,4.9514321,7,4.9754846,2021,2022-02-18,Waterways,1004,2,2,1
Natural Gas,2707,4,1.7769251,7,1.8193614,2668,2022-10-02,Railways,1012,3,10,4
Natural Gas,2010,8,2.015001,10,2.0291394,1646,2022-10-05,Roadways,1004,2,10,4
Coal,3833,5,4.3012863,8,4.3332482,3749,2022-04-22,Waterways,1006,3,4,2
Oil,3539,3,2.3715263,6,2.4056242,3195,2022-03-13,Roadways,1004,3,3,1
Oil,1726,1,2.930781,5,2.9596507,1616,2022-05-24,Railways,1015,4,5,2
Natural Gas,4289,7,2.6992834,8,2.7444862,3865,2022-07-16,Roadways,1003,1,7,3
Coal,1542,1,3.6818565,3,3.7064941,1380,2022-12-26,Railways,1004,2,12,4
Coal,4986,1,2.8235974,3,2.8469422,4553,2022-05-05,Railways,1000,2,5,2
Natural Gas,2943,6,3.6492288,10,3.6637612,2575,2022-02-22,Railways,1011,4,2,1
Coal,1214,8,3.3505593,9,3.3641197,1134,2022-08-01,Railways,1009,1,8,3
Coal,2984,1,2.4001509,2,2.4420637,2580,2022-11-27,Railways,1009,1,11,4
Coal,3677,1,2.5425,2,2.5923322,2970,2022-02-26,Roadways,1009,1,2,1
Natural Gas,3516,8,2.8261184,11,2.8736739,3269,2022-04-15,Roadways,1003,3,4,2
Natural Gas,2630,1,2.9050801,5,2.9173923,2566,2022-09-14,Roadways,1015,4,9,3
Coal,4057,1,1.3919807,3,1.4369292,3478,2022-10-02,Railways,1002,2,10,4
Natural Gas,1427,4,2.3781751,7,2.4134479,1178,2022-08-07,Waterways,1008,3,8,3
Oil,3517,6,1.798409,10,1.8098704,3468,2022-08-18,Roadways,1007,4,8,3
Oil,2699,8,1.4719446,12,1.5067426,2503,2022-02-18,Waterways,1014,4,2,1
Coal,3474,6,3.148654,8,3.1891987,2781,2022-08-24,Roadways,1013,2,8,3
Coal,4882,4,2.4669794,6,2.4922079,4246,2022-06-24,Roadways,1000,2,6,2
Natural Gas,4061,5,1.6314936,6,1.6459804,3540,2022-09-22,Railways,1005,1,9,3
Coal,3687,2,1.9873356,3,2.0007849,3515,2022-10-07,Railways,1006,1,10,4
Natural Gas,3904,7,2.444494,8,2.4934407,3886,2022-07-09,Roadways,1003,1,7,3
Natural Gas,1571,2,1.7863253,6,1.7974261,1408,2022-03-26,Roadways,1001,4,3,1
Natural Gas,1049,8,2.700881,11,2.7233542,1024,2022-09-19,Roadways,1001,3,9,3
Natural Gas,2444,4,1.3769869,6,1.3899999,2093,2022-05-26,Railways,1012,2,5,2
Oil,3263,2,2.694325,6,2.7376921,3169,2022-03-26,Waterways,1014,4,3,1
Coal,1737,6,4.1911478,7,4.2296589,1545,2022-04-10,Roadways,1011,1,4,2
Natural Gas,3856,8,1.1235651,9,1.1693538,3304,2022-12-11,Railways,1004,1,12,4
Natural Gas,4612,6,1.43945,7,1.45862,4013,2022-02-03,Roadways,1008,1,2,1
Oil,4603,7,1.3470052,8,1.3660209,4088,2022-09-01,Railways,1002,1,9,3
Coal,4100,8,3.1468116,9,3.171408,3361,2022-10-27,Waterways,1014,1,10,4
Oil,1266,7,1.1716986,10,1.2009345,1130,2022-03-18,Railways,1009,3,3,1
Natural Gas,2584,2,1.328765,5,1.3401996,2522,2022-04-26,Roadways,1011,3,4,2
Natural Gas,3575,7,1.0258964,9,1.0563849,3193,2022-05-10,Roadways,1014,2,5,2
Oil,2945,9,2.6315957,10,2.6540051,2650,2022-10-13,Roadways,1001,1,10,4
Coal,1897,1,4.0435794,2,4.0935316,1704,2022-08-12,Roadways,1013,1,8,3
Oil,3208,7,2.3159119,11,2.3382248,2759,2022-07-13,Railways,1007,4,7,3
Coal,4294,8,3.9329936,9,3.979201,4118,2022-02-17,Waterways,1004,1,2,1
Natural Gas,2311,3,4.6520262,4,4.6719034,2094,2022-12-07,Waterways,1001,1,12,4
Natural Gas,1365,3,2.4715473,4,2.4927809,1197,2022-09-16,Waterways,1007,1,9,3
Natural Gas,2277,1,1.6200382,3,1.650762,1977,2022-09-08,Roadways,1014,2,9,3
Natural Gas,3177,7,3.8422409,11,3.8634299,2573,2022-05-22,Waterways,1007,4,5,2
Coal,3227,5,2.8683467,7,2.8990535,3165,2022-01-11,Waterways,1006,2,1,1
Coal,3538,4,3.59117,7,3.6173559,3341,2022-03-28,Roadways,1003,3,3,1
Coal,2264,7,2.8993145,9,2.9178907,1847,2022-11-04,Waterways,1007,2,11,4
Oil,1263,8,2.0790642,9,2.1236814,1031,2022-08-11,Waterways,1003,1,8,3
Natural Gas,3544,3,2.853177,6,2.8818802,3510,2022-04-20,Railways,1003,3,4,2
Coal,2661,1,4.7763963,4,4.8263491,2335,2022-11-12,Roadways,1002,3,11,4
Natural Gas,3671,3,2.7312252,5,2.7441512,3301,2022-02-22,Waterways,1011,2,2,1
Oil,3006,9,1.3335475,13,1.3548611,2504,2022-05-25,Railways,1011,4,5,2
