Transport Type,Delay,Actual Timeline,Actual Cost,Security_Score,Traceability_Score,Demand_Forecast,Supply_Chain_Visibility,Transport_Encoded,On-Time Delivery Rate
Roadways,4,13,3.8304068,1.6,2.2,6041,2,1,51.8104635981332
Railways,2,5,4.9109653,2.4000000000000004,2.2,8793,3,2,50.60180476509921
Waterways,1,3,3.7815043,2.4000000000000004,1.4,7384,2,3,88.80670547416561
Roadways,4,8,3.5013856,2.4,2.2,9237,2,1,34.89558763065071
Roadways,2,6,4.7464249,2.0,2.2,8573,1,1,64.70003534511983
Roadways,2,8,3.0931165,2.6,1.7999999999999998,6245,2,1,59.87694127660802
Waterways,2,8,1.3922834,2.6,2.4,8397,2,3,67.13120252753673
Railways,3,8,2.5320394,3.0,1.6,8428,1,2,63.67589246427619
Roadways,3,6,1.6294168,2.0,2.6,7979,1,1,55.35464139129932
Railways,2,7,2.7034598,1.6,2.0,6916,1,2,84.8678164650552
Railways,1,5,3.6785179,1.6,2.2,9123,1,2,83.78914111358766
Waterways,2,8,4.8956039,3.0,2.4,7119,3,3,57.355175174741944
Railways,4,12,1.4038844,2.4,2.0,6346,3,2,45.16038749792618
Roadways,2,5,1.8054729,2.8,1.7999999999999998,8256,3,1,42.534461491852596
Waterways,3,11,3.9893184,2.4,1.7999999999999998,8514,2,3,67.2744584622709
Waterways,1,10,4.0237224,2.0,2.4,6600,3,3,75.68198048083791
Waterways,2,4,3.6155196,2.2,2.2,7407,2,3,75.75772002337106
Roadways,3,8,4.2760573,2.0,2.0,6272,1,1,66.04993039175376
Waterways,4,7,4.6720809,2.2,1.7999999999999998,6516,1,3,77.36686070416135
Railways,1,9,1.7854067,2.0,2.2,8387,3,2,62.832514624945
Waterways,3,6,2.523872,2.2,2.0,6944,2,3,71.80440443473056
Waterways,4,13,3.7708079,2.2,2.4,7180,3,3,50.44744036412686
Railways,1,7,1.8036974,2.2,2.4000000000000004,8607,2,2,67.96779987448875
Roadways,2,5,3.5635088,2.0,2.6,6364,3,1,47.993479186052376
Roadways,2,4,4.3275921,2.2,2.0,7751,1,1,67.07176501987261
Roadways,2,8,3.8722485,2.8,2.6,9847,2,1,39.86727546832283
Waterways,2,6,1.9400707,2.4,2.2,7304,2,3,74.13155597873522
Waterways,2,11,4.7865062,2.6,2.2,9503,3,3,56.246636803647036
Waterways,2,4,3.4988959,2.8,2.4,9916,3,3,51.20829816854573
Roadways,4,8,1.3240443,2.4,2.0,8609,1,1,48.2476755173732
Railways,3,5,4.207093,2.4,2.6,8595,2,2,49.73058362727489
Waterways,2,3,4.4005388,2.2,2.6,8843,1,3,77.3844611311881
Railways,4,10,2.8086419,2.2,2.0,9278,1,2,57.85750867398094
Roadways,2,8,4.6969212,1.7999999999999998,2.4000000000000004,8546,1,1,64.77793887458255
Roadways,4,10,1.5399779,2.0,2.4,8365,2,1,39.334934683661174
Roadways,2,5,4.6470781,1.7999999999999998,2.0,8569,1,1,68.55827977465682
Railways,2,4,3.9944093,1.7999999999999998,2.6,9975,1,2,68.34822877669818
Railways,2,11,1.343254,2.0,2.4,9949,2,2,58.80648907547265
Waterways,3,9,1.138368,2.2,2.2,9909,2,3,61.326091190409215
Waterways,3,7,3.6743183,2.6,2.0,7534,3,3,56.63860696948056
Railways,1,10,5.0174951,2.2,2.2,6190,1,2,86.48171791709044
Railways,2,6,2.7768851,2.2,2.2,7958,1,2,74.16791095915114
Railways,2,8,1.2856506,2.0,1.8000000000000003,6076,3,2,66.1346144135956
Waterways,3,8,1.0305019,2.0,2.0,9608,2,3,66.0412744440357
Waterways,2,8,2.5950191,2.6,2.2,9963,1,3,74.15290731643981
Roadways,4,5,3.0343373,2.6,2.4,6343,1,1,49.015746611557134
Roadways,1,3,1.9742309,2.2,2.4,7462,2,1,61.654728672105485
Roadways,3,8,2.6942213,2.4,2.0,9960,1,1,51.562182164419724
Roadways,1,2,1.8760595,2.8,2.6,7853,1,1,62.44992173580604
Waterways,4,11,4.3308649,2.6,2.2,7612,1,3,66.5111481393319
Railways,4,9,4.5460875,2.4,2.2,7386,3,2,40.236307372703465
Roadways,4,11,2.6239858,2.4,2.4,6725,1,1,49.83690751841192
Railways,2,3,3.6089325,2.2,2.6,9753,2,2,55.525307827140715
Railways,1,4,1.9554088,2.6,2.2,6802,2,2,71.25244350190792
Railways,2,7,3.4003368,2.4,2.0,9723,3,2,49.84181255545216
Roadways,4,5,2.1491141,2.6,2.0,9019,3,1,25.907828583382024
Roadways,2,7,1.6654934,2.4,2.2,8864,1,1,60.013705250553606
Waterways,1,9,3.8978922,2.6,2.0,8354,2,3,78.31454271349536
Railways,1,6,2.1169778,2.6,2.8,7909,1,2,71.90510195985082
Railways,1,9,3.1787027,2.0,3.0,9648,3,2,51.50072493562139
Waterways,4,7,4.8922763,2.8,2.8,6347,1,3,62.46766642862811
Roadways,1,2,3.82199,2.6,2.2,6841,1,1,71.13991618157294
Railways,4,11,2.0751583,2.2,2.0,7954,1,2,61.677666933558385
Roadways,1,10,1.3025994,2.8,2.2,9181,3,1,43.23140954895299
Roadways,3,7,3.612929,2.2,2.8,6759,3,1,35.794507801172884
Waterways,1,3,4.2837145,2.2,2.2,6723,1,3,94.56060245396117
Waterways,3,9,2.3349259,2.0,2.0,6562,1,3,84.44670460857083
Waterways,1,7,4.7517024,2.6,2.2,8990,3,3,64.93937229952465
Railways,2,7,2.3254916,2.2,2.6,7537,2,2,61.919167874892686
Railways,3,8,4.6605294,1.7999999999999998,2.2,8580,3,2,49.773863365865274
Railways,2,4,4.9937931,2.6,2.4000000000000004,7099,3,2,51.64282674399313
Railways,2,8,2.6259238,2.8,2.6,9631,2,2,50.107261618806476
Railways,4,12,2.1117166,2.8,2.2,9759,1,2,48.776265391357036
Waterways,1,3,2.2314637,2.6,1.7999999999999998,8105,1,3,90.57309587183427
Waterways,3,9,2.0021271,2.2,2.6,8199,2,3,62.41327822379953
Roadways,3,11,3.3005763,1.7999999999999998,2.2,8542,1,1,59.50026328507643
Roadways,2,10,2.7011676,2.6,1.8,7091,2,1,57.43596402011065
Roadways,1,8,1.5189514,2.0,2.2,9561,2,1,59.44515375127134
Roadways,2,10,1.5341136,1.7999999999999998,1.8000000000000003,6180,2,1,67.75789314232541
Railways,1,8,2.0853098,2.0,2.0,6329,2,2,80.31060425728361
Roadways,1,5,1.7017566,2.8,2.6,7043,3,1,45.55351179012212
Waterways,4,11,2.2305981,2.4000000000000004,2.2,9296,2,3,53.958869821759606
Waterways,3,11,1.992637,2.0,2.2,8218,1,3,77.74526988523655
Railways,2,11,4.7217692,2.4,2.8,9757,1,2,61.28382131238593
Waterways,1,3,3.3744383,2.8,2.0,6305,1,3,91.91996133676685
Railways,3,8,1.4742079,2.2,1.8,7907,3,2,51.71568097062026
Roadways,1,3,4.9332204,2.6,2.2,6573,1,1,71.9131808443877
Railways,3,7,2.2358522,2.4,2.8,6790,2,2,53.015227254694054
Waterways,2,11,4.1900181,2.0,2.4000000000000004,9907,3,3,58.92767234352571
Roadways,4,12,2.3360277,1.7999999999999998,1.6,7420,2,1,51.678316129637246
Roadways,4,7,1.1010395,2.2,2.6,9690,1,1,41.28194585704702
Roadways,4,13,4.5782039,2.2,2.8,6026,1,1,49.93039175376714
Railways,1,9,4.6341991,2.4,2.4,7637,1,2,78.459962635159
Roadways,4,11,1.5075503,2.4000000000000004,1.8000000000000003,9843,3,1,27.377031442730075
Waterways,1,2,1.7890975,2.4000000000000004,2.0,6489,2,3,85.6190084611889
Railways,1,7,4.6931659,2.2,2.8,6052,2,2,71.49307884847042
Waterways,2,5,1.2064829,2.2,2.2,8139,3,3,64.02891086537838
Waterways,1,4,1.9126619,2.8,2.2,9335,1,3,81.25410255855387
Waterways,2,7,4.4717315,2.8,2.2,7738,3,3,59.41586779482518
Roadways,1,2,1.5353272,2.6,2.2,9306,3,1,44.794096643656275
Waterways,1,8,4.5049287,2.2,2.0,8163,2,3,82.71234121745906
Railways,4,6,3.5954028,2.6,2.6,9360,2,2,38.38739694012248
Waterways,1,4,1.0789496,2.4,2.6,6059,1,3,90.70639746669262
Waterways,2,6,2.243063,2.0,2.2,8971,3,3,63.55167961452178
Roadways,3,10,2.7411664,2.2,2.2,6200,3,1,43.17745414151031
Waterways,3,11,2.5278827,2.0,2.0,8175,2,3,70.17593213736988
Roadways,1,3,3.8796692,2.2,2.2,9949,1,1,66.01905751155928
Roadways,1,7,2.902347,2.8,1.6,8113,1,1,71.31649751502167
Waterways,3,6,2.2107387,2.2,1.6,6062,3,3,68.57919831497551
Railways,3,10,1.2581063,2.6,2.2,6429,1,2,67.52028737746423
Waterways,2,8,4.1445939,2.0,2.2,8527,1,3,84.0662757063614
Roadways,2,7,2.3888023,2.4,2.2,8715,1,1,60.44361732055138
Railways,4,7,4.560024,2.8,2.2,6107,3,2,40.0799232505969
Railways,1,2,1.7642343,2.6,2.0,8631,2,2,67.89855229274414
Roadways,3,9,2.2393271,2.6,1.6,6520,2,1,53.79426254932086
Roadways,1,10,2.8435518,1.7999999999999998,2.4,8385,3,1,53.22152734197486
Waterways,2,10,4.4948414,2.2,2.4,9989,2,3,66.38448277105739
Railways,2,11,1.5632813,2.6,2.6,8108,3,2,46.8081914118572
Railways,3,12,2.8638646,2.4,2.2,7271,1,2,67.0142029675474
Roadways,3,6,3.7340833,1.7999999999999998,2.4,6557,3,1,44.07074794601574
Railways,4,11,2.0907698,2.4,1.7999999999999998,6095,2,2,57.424711288077155
Waterways,1,4,1.4092959,2.0,1.6,7558,1,3,99.84477000425585
Waterways,4,8,1.5727368,2.2,2.0,8332,3,3,50.97025960629864
Railways,4,12,1.9191015,2.8,2.8,8258,2,2,37.72031190264945
Roadways,2,8,3.8669832,2.2,2.2,6894,2,1,58.00437125359762
Roadways,2,3,3.1253721,2.2,2.0,9055,3,1,44.07579724885128
Roadways,2,7,4.3139629,2.2,2.0,7026,2,1,59.546861136958725
Roadways,3,11,1.7348413,2.2,2.0,6168,2,1,54.809893748241755
Waterways,3,11,4.5931982,3.0,2.6,7050,2,3,58.035099867996784
Railways,2,9,2.2615563,2.8,2.0,8572,3,2,49.31610799737436
Roadways,3,6,3.0815946,2.4,2.2,8101,2,1,45.38587493598205
Waterways,1,10,4.9622464,2.2,2.4000000000000004,8981,1,3,86.1222075551997
Waterways,1,3,4.6878685,1.7999999999999998,2.4000000000000004,9176,1,3,89.40627411943764
Railways,3,6,2.6984169,2.4000000000000004,2.4,8977,2,2,50.551744534129675
Railways,4,13,4.1262708,2.4,2.2,6415,1,2,62.27146494701839
Waterways,1,9,4.5548511,2.4000000000000004,2.8,7246,3,3,66.12466007371982
Waterways,4,6,4.7319198,2.6,1.7999999999999998,9978,3,3,44.29767804202463
Roadways,4,8,1.1388662,2.4000000000000004,2.4,9276,3,1,23.242950812577092
Railways,3,7,2.8322764,2.8,1.6,7142,2,2,59.693002387598916
Railways,4,10,4.8710519,2.2,1.6,6950,3,2,49.18771143955624
Roadways,4,10,1.3730482,2.2,2.4,6858,2,1,41.759754171084815
Waterways,4,10,1.7804238,2.8,1.6,6555,1,3,73.40763021791348
Roadways,1,4,2.1494582,2.4,2.4000000000000004,7555,1,1,69.0798006246709
Waterways,2,3,2.9425652,2.2,2.0,6188,1,3,90.81502961055449
Waterways,3,5,1.3867034,2.8,2.0,8518,1,3,71.10962036455966
Railways,1,6,1.5193361,2.0,1.6,7729,3,2,70.50110723997894
Roadways,3,5,3.5226174,2.6,2.0,7101,3,1,38.654432927225116
Waterways,3,8,3.6988987,2.2,2.2,6387,1,3,81.10493172621237
Waterways,3,6,2.7281755,2.4000000000000004,2.0,7080,2,3,69.48864988855468
Waterways,1,3,1.8269868,2.2,2.8,9615,1,3,80.44621410486681
Railways,4,10,2.8726509,2.8,2.0,6280,2,2,51.120873096593165
Railways,1,8,2.8688722,2.8,2.0,8538,3,2,56.62677717426586
Roadways,2,10,3.7363367,2.0,2.2,6885,1,1,69.57044859449047
Waterways,4,7,1.8808316,2.2,2.4,7309,2,3,59.6919925270318
Waterways,3,9,1.4458674,3.0,1.8,6294,2,3,67.90980502477765
Railways,4,11,1.97848,2.2,2.2,6396,2,2,54.632879617407106
Railways,3,10,4.0918367,2.2,1.4,6902,1,2,77.69564245165293
Railways,3,12,4.5050584,2.6,2.6,8319,1,2,58.22033714916361
Roadways,3,12,1.7243854,2.6,2.6,8291,2,1,39.06761016496794
Railways,3,12,2.3645357,2.2,2.2,9108,2,2,54.020471316353245
Railways,4,9,1.4864396,2.4,2.4,7076,3,2,39.207403720614856
Roadways,3,10,4.0541244,2.6,3.0,6545,1,1,49.875426485757366
Roadways,3,10,1.2597418,2.4,2.8,9731,2,1,34.91275526029156
Waterways,3,8,3.6305093,2.4,2.0,9070,2,3,63.746871235564406
Railways,3,5,3.739367,2.2,2.2,6844,2,2,60.552826527594426
Roadways,2,7,3.6712974,2.8,2.6,9673,1,1,49.986078350753424
Waterways,4,10,4.7695411,1.7999999999999998,2.4,6618,2,3,65.53244898400814
Waterways,3,4,1.7936594,2.0,2.0,9646,2,3,65.93163243960673
Waterways,2,7,3.1181717,2.6,2.6,9276,2,3,62.67165826318409
Railways,1,6,4.6526511,2.4,2.6,6777,2,2,69.4012248166021
Waterways,1,6,4.3098345,2.6,2.8,6919,2,3,74.76156470681585
Roadways,2,6,4.9342799,1.7999999999999998,2.8,8173,2,1,52.390700626834885
Waterways,1,3,3.3367305,1.7999999999999998,2.2,6161,3,3,80.79533732949585
Waterways,2,5,4.0549942,2.8,2.6,9756,1,3,68.98011296011772
Roadways,1,2,4.3772806,2.2,2.0,8895,1,1,70.98353205946634
Railways,1,2,1.4156786,2.8,1.8000000000000003,8877,2,2,67.18876457986192
Roadways,3,5,2.7163112,2.6,2.4,9247,1,1,47.849357656546424
Waterways,2,9,4.8984195,2.2,1.7999999999999998,6957,2,3,80.90281534699531
Waterways,1,7,3.7893372,2.6,2.2,7948,2,3,77.56262938838516
Railways,3,10,2.5887502,2.8,2.4,8543,3,2,38.340510556649576
Waterways,4,9,2.6264309,2.4,2.0,6181,1,3,74.48673836676693
Railways,3,7,1.0838651,2.2,2.0,7820,1,2,69.27686770105241
Railways,2,3,3.9164469,2.6,1.8000000000000003,7533,2,2,65.77741230442967
Waterways,1,8,4.2322342,2.4000000000000004,1.7999999999999998,6740,2,3,86.818145751733
Waterways,4,9,3.4880469,2.2,2.4000000000000004,6894,2,3,60.88939862803229
Roadways,3,5,1.5648009,1.7999999999999998,2.6,7363,1,1,59.055347572367324
Railways,2,9,4.8361899,2.6,2.4,9794,2,2,53.48365829203725
Roadways,1,9,2.2344331,2.6,2.0,6933,1,1,72.79781870117503
Roadways,3,4,3.3170964,3.0,2.6,6984,3,1,29.375256973447883
Roadways,1,2,4.2570002,2.0,1.8,9896,1,1,71.94203400344796
Waterways,3,9,3.392773,2.2,2.4,6272,3,3,60.27987564288445
Waterways,1,7,2.0672306,2.6,1.8000000000000003,6932,3,3,74.7240556000375
Railways,4,7,1.9661095,2.2,2.0,9332,2,2,48.08494370027338
Waterways,2,9,4.5686041,2.0,2.4000000000000004,8291,2,3,73.20710076244474
Waterways,2,6,2.9800523,2.4,2.4,6615,3,3,64.579429140248
Railways,2,3,2.4733779,2.4,1.7999999999999998,9696,1,2,71.07658349743568
Roadways,1,6,4.693434,2.4000000000000004,2.2,9100,3,1,47.31182330325392
Railways,2,3,1.7166718,2.4,2.6,9524,2,2,54.26269358666406
Roadways,4,13,3.928928,2.0,2.0,9088,2,1,41.09555444951779
Railways,1,10,3.5649538,2.0,1.8,7819,3,2,68.31807722548022
Railways,3,7,1.3626841,2.2,2.8,9865,1,2,55.682990341405
Roadways,4,7,3.4297165,2.0,2.4,6389,2,1,45.036318913967094
Waterways,4,11,2.7133676,2.2,2.8,9626,3,3,39.543254492076194
Railways,3,12,1.677975,2.2,2.8,6551,3,2,46.01141142440832
Railways,1,3,1.0789165,2.6,2.4,9665,2,2,61.06843248000114
Waterways,3,5,5.005239,2.0,2.6,9742,1,3,69.50134527854118
Railways,2,8,3.7392674,2.4000000000000004,2.8,9235,2,2,53.17319830054892
Waterways,3,5,3.1004511,2.4,2.0,6002,3,3,62.982262520467714
Roadways,1,9,2.0062105,2.0,2.4000000000000004,8244,2,1,61.32176321655016
Waterways,3,12,1.6038711,2.4,2.4,7471,1,3,74.13054611816811
Waterways,1,2,3.5072906,3.0,2.0,6983,1,3,88.04036556952529
Waterways,4,8,3.4678889,2.2,1.6,9022,3,3,52.82609479705409
Roadways,2,7,1.4117777,2.2,2.4,7275,2,1,54.98171431044556
Railways,3,5,4.8638542,2.2,2.0,8898,3,2,46.93298132479279
Waterways,1,7,2.9876101,2.2,2.0,8643,1,3,90.94414749734912
Waterways,4,6,4.8378305,2.2,2.2,6990,3,3,52.9190019692281
Roadways,2,4,1.7896846,2.0,2.8,6141,1,1,65.94706887970396
Roadways,3,10,1.1093412,2.2,1.6,8214,1,1,62.369998485209145
Railways,4,7,4.6012284,2.8,2.8,9108,2,2,35.26779338252798
Railways,1,2,3.0410659,1.7999999999999998,2.6,8349,3,2,61.01880504641751
Railways,3,12,1.6293262,2.4,2.4,9476,3,2,39.49521398224088
Railways,1,7,1.9488722,2.4000000000000004,2.0,8732,2,2,69.53048696919204
Railways,1,9,4.9979374,2.6,2.2,8368,3,2,57.11728087829015
Waterways,1,7,1.8360471,2.2,2.6,9757,2,3,72.34309291438547
Waterways,1,9,4.8619547,2.2,2.6,9934,2,3,71.832391999019
Roadways,1,3,4.4168221,2.0,2.6,8161,1,1,69.25465076857603
Railways,4,8,4.9476371,2.6,2.6,7013,2,2,45.15923337156377
Railways,3,11,1.9035884,1.7999999999999998,2.0,7801,3,2,53.94487603961539
Roadways,2,5,2.727222,2.6,2.6,9019,2,1,44.17966862146819
Railways,3,10,4.3296906,2.4,1.8000000000000003,8205,1,2,68.16602107723268
Railways,3,4,3.8484844,2.2,2.4000000000000004,6043,3,2,51.323855070582034
Roadways,2,9,3.8518491,2.8,2.0,9604,3,1,36.721704067574095
Roadways,4,7,4.2707893,2.4,2.8,9759,3,1,18.002640064054017
Waterways,1,6,1.0868563,2.4,2.6,9828,2,3,70.21488390210122
Waterways,4,6,4.3663002,2.6,2.0,7866,2,3,58.08487156737573
Railways,2,6,2.5602623,2.2,2.4,9437,3,2,48.743661321618944
Roadways,1,4,1.1772414,2.4,2.2,9488,1,1,65.42583656128049
Railways,4,5,4.2952654,2.4,2.4000000000000004,7884,3,2,36.87606846854645
Railways,4,13,2.0543472,1.7999999999999998,2.8,6728,2,2,51.75160315365028
Roadways,4,13,1.7602146,2.0,2.4,7943,1,1,50.16929591078604
Railways,1,8,2.4890535,2.8,2.0,9322,3,2,54.36468950394205
Roadways,1,3,1.6619713,2.2,2.4,7304,3,1,52.49385067047528
Waterways,4,12,3.5239902,2.4000000000000004,2.4000000000000004,8721,3,3,44.0778169699855
Railways,1,2,2.5797957,2.6,1.6,9397,1,2,79.15186138942386
Roadways,3,5,4.2818601,2.2,1.7999999999999998,8948,2,1,48.71206711244797
Waterways,2,5,1.8958164,2.0,2.2,6889,1,3,88.79242316043076
Roadways,1,5,3.3282978,2.4,2.4000000000000004,8526,2,1,56.661400965138164
Railways,4,8,2.5953977,2.6,2.0,8151,3,2,38.029040704594145
Waterways,2,6,4.4710634,2.2,2.2,8057,1,3,83.49902259923682
Roadways,3,10,2.871226,2.2,2.2,9265,3,1,34.333960889542894
Railways,1,5,4.3037408,2.6,1.7999999999999998,7818,3,2,62.55090779251693
Waterways,1,7,4.8484624,2.4,2.4,8480,3,3,66.41088341159752
Waterways,4,7,4.3586737,2.6,2.8,7306,2,3,52.00724214292411
Railways,1,9,1.3586001,1.6,2.0,9035,1,2,85.96640049627432
Waterways,1,10,3.723812,2.6,1.7999999999999998,8444,1,3,89.5949737796917
Railways,2,7,2.4915745,2.2,2.6,9699,3,2,46.064356971283885
Waterways,1,7,2.1225891,2.2,2.6,8906,1,3,84.41525466519516
Roadways,3,6,2.9694009,2.6,2.4,8786,2,1,39.56273037444188
Waterways,3,9,1.3881697,2.6,1.7999999999999998,8398,1,3,75.30256143919559
Railways,2,10,2.8949142,2.2,2.2,9449,2,2,60.24914702848528
Waterways,4,12,2.8217928,2.4,1.7999999999999998,9069,3,3,48.84378178355803
Waterways,3,5,2.8519386,1.7999999999999998,2.2,6087,1,3,85.81722966393284
Railways,1,7,1.0912227,2.8,1.7999999999999998,6252,3,2,65.14596091839606
Roadways,1,9,3.9083682,1.7999999999999998,2.2,7915,1,1,75.73449323032754
Roadways,1,7,2.3641868,2.2,1.8000000000000003,9721,2,1,60.90685478926373
Roadways,1,5,2.9335804,2.0,2.2,9256,2,1,60.32517510260904
Waterways,2,3,1.4905138,2.6,2.2,7672,3,3,61.52965022757929
Railways,3,11,4.8843192,2.6,1.6,6210,1,2,73.92222630975309
Roadways,1,7,4.6143988,2.4,2.0,7428,3,1,54.05942308108459
Railways,4,11,3.7090859,2.2,1.7999999999999998,7240,1,2,65.66113407341686
Railways,2,10,3.7886328,2.0,2.0,6149,3,2,64.00063476949931
Railways,4,13,1.9867573,2.0,3.0,6487,3,2,38.983503206307304
Roadways,3,4,3.4969527,2.4000000000000004,2.0,7707,1,1,58.062798900694645
Waterways,4,13,1.3465629,2.2,2.2,8199,2,3,59.04741295362575
Waterways,4,7,3.1803797,2.4,2.6,9192,3,3,40.795481595291164
Waterways,2,8,4.0116838,2.2,2.8,6401,1,3,82.50705099074536
Railways,4,10,2.0892986,2.4,1.6,8869,1,2,60.96095446250172
Roadways,2,5,3.4842124,2.2,2.0,9145,1,1,63.049634646873386
Railways,3,7,1.8283223,2.6,2.2,6153,1,2,68.3166345675272
Railways,4,11,3.3892132,2.6,2.6,8996,2,2,39.437651929915674
Waterways,3,12,1.6723542,2.6,2.2,6299,2,3,67.89537844524752
Roadways,1,6,2.1893685,2.2,2.2,7407,2,1,63.73677262989331
Roadways,3,6,4.4137139,2.8,2.2,9324,2,1,38.010430417000286
Railways,3,6,2.8229969,2.6,2.4,9114,1,2,57.84986258682998
Waterways,4,5,4.2940481,1.7999999999999998,2.0,7288,1,3,77.06274840766628
Railways,2,11,1.6562722,2.4000000000000004,2.4000000000000004,9280,1,2,66.50682016547286
Roadways,3,8,2.597163,2.4,1.7999999999999998,9240,2,1,45.94620328493216
Railways,4,11,4.6092775,2.4,2.4,8928,1,2,53.09731449222047
Roadways,1,8,1.8082825,2.2,2.0,6986,2,1,66.87484220928638
Roadways,2,7,2.7245338,2.0,2.6,6547,2,1,57.082224290031945
Railways,1,6,4.4884419,2.4000000000000004,1.7999999999999998,6280,2,2,78.52863315372242
Waterways,4,12,3.6359034,2.2,2.4000000000000004,8085,3,3,47.83622946917401
Roadways,3,5,3.9734119,2.6,2.8,6797,1,1,51.07167846039543
Roadways,2,5,4.5902286,2.4000000000000004,2.4,6110,3,1,46.80299784322636
Waterways,4,6,4.5085188,2.2,2.4000000000000004,8126,2,3,57.33468943180916
Waterways,2,3,1.3407735,1.6,2.6,6828,2,3,79.35166951591611
Waterways,2,3,1.3225494,2.2,2.6,7251,3,3,62.74436822401592
Waterways,1,6,4.346982,2.4,2.0,9746,1,3,85.83829247004682
Railways,4,10,2.8430919,1.7999999999999998,2.0,7481,2,2,57.27236660823901
Waterways,2,11,4.4670995,1.6,1.6,7802,2,3,86.15812973822972
Railways,4,12,3.7561805,2.4000000000000004,1.7999999999999998,7091,1,2,64.16769456045819
Roadways,3,8,4.1360825,2.4000000000000004,3.0,6740,2,1,41.61938355225668
Waterways,2,7,1.97336,1.6,2.6,9479,3,3,62.08593913426095
Roadways,2,10,1.2149044,2.6,2.0,7741,2,1,53.637157098237786
Roadways,4,7,1.6281674,2.6,1.8000000000000003,9430,3,1,26.645315328962077
Waterways,1,4,4.8104862,1.7999999999999998,2.6,7537,2,3,82.59519739167442
Railways,3,9,3.4691005,2.6,2.6,9753,1,2,54.08279413992339
Roadways,1,5,4.4037269,2.4,2.2,6603,1,1,73.74997295016338
Railways,2,7,2.1567535,2.4,2.2,9912,2,2,56.98989418103913
Roadways,4,7,4.8816626,2.4,1.8000000000000003,8835,3,1,30.285429876003544
Waterways,4,6,4.9660173,2.4000000000000004,2.0,8202,2,3,59.03875700590767
Roadways,2,4,2.9162399,2.4,2.0,7602,2,1,55.961567592131736
Railways,4,13,3.4229592,2.0,2.0,9143,3,2,40.9368620746864
Roadways,4,5,2.1347176,2.6,2.2,7330,3,1,28.857775565702244
Waterways,3,5,2.2763607,2.2,1.7999999999999998,7471,2,3,72.20719453521168
Railways,2,7,1.3496559,2.0,2.0,6613,1,2,81.89536401866798
Railways,2,5,2.7427729,2.2,2.6,7798,3,2,51.549342508637906
Waterways,3,9,3.5421717,2.2,1.7999999999999998,7398,1,3,82.03458051113371
Railways,4,11,1.9828745,2.6,1.6,8362,2,2,50.883700129117884
Railways,2,5,3.6637248,2.6,2.4,8991,2,2,55.80056696457552
Waterways,1,4,2.331331,2.4,1.6,9295,3,3,71.75275728001269
Railways,4,6,2.6168489,2.8,2.2,8689,2,2,42.246795496021875
Roadways,3,7,1.6603561,2.6,2.0,6586,3,1,40.14037061882812
Railways,4,8,2.7171438,2.8,2.6,9852,2,2,35.044469931401615
Roadways,1,9,2.4825152,3.0,2.6,6645,3,1,44.778515937763736
Waterways,1,3,2.5993992,2.4000000000000004,1.8000000000000003,8113,2,3,82.8566070127603
Roadways,1,4,2.7295252,3.0,2.4,8426,1,1,60.79663572165357
Waterways,1,9,3.2626993,2.6,2.4,9224,2,3,71.9576147093405
Roadways,2,8,2.799702,2.2,2.2,9532,2,1,50.39290789350298
Railways,3,8,3.156225,2.4,2.4000000000000004,9169,2,2,49.997763880172826
Roadways,4,9,2.6412494,2.8,2.4000000000000004,8711,3,1,21.026451133568486
Roadways,2,8,2.055071,2.2,2.6,7965,1,1,60.68425266711389
Roadways,2,3,1.6575249,2.4000000000000004,2.0,8454,2,1,53.50327844019822
Roadways,2,10,2.6157925,1.7999999999999998,2.2,8508,2,1,57.19417454718574
Railways,2,8,3.4274902,2.6,2.2,7092,2,2,63.203133453073946
Waterways,3,8,4.160045,2.4,2.2,7223,2,3,67.15269813103662
Roadways,3,5,4.6126156,2.4,2.2,7294,1,1,57.33108278692662
Waterways,1,6,4.8398678,2.4000000000000004,2.0,8240,1,3,90.18357822452086
Railways,2,8,4.8798519,2.4,1.7999999999999998,6083,2,2,71.88447195112275
Railways,3,7,3.5313034,1.7999999999999998,2.6,7098,3,2,50.20319837268183
Roadways,2,8,4.9219086,2.4,2.4,9960,1,1,54.928047434593495
Roadways,4,6,4.3363222,2.6,2.2,6695,1,1,49.92346699559268
Waterways,3,7,2.9782846,2.4,2.8,9604,3,3,44.89594829513896
Roadways,1,6,1.6688109,2.8,2.0,8868,1,1,65.29138084005973
Roadways,3,11,2.376167,2.2,2.6,7713,1,1,54.19878383934561
Waterways,3,6,3.7255806,2.6,2.2,7732,1,3,73.37747866669552
Roadways,3,11,3.6385685,2.8,2.2,8371,3,1,31.143378560660157
Waterways,1,2,1.8211028,2.0,1.6,8307,3,3,78.45015256107854
Waterways,3,7,4.1932811,2.6,2.8,9793,1,3,61.66078783550814
Railways,1,10,4.3916359,2.6,2.2,7477,3,2,59.688097350558664
Roadways,4,11,1.8998767,2.4,2.4000000000000004,9225,3,1,23.390101923784375
Railways,1,3,3.5476678,1.7999999999999998,2.0,6458,3,2,72.2449921735806
Railways,1,10,2.7006222,2.2,1.6,9697,3,2,62.89945395396478
Railways,4,12,4.5482413,2.4,1.7999999999999998,6039,1,2,67.20304689359678
Waterways,1,8,1.0828645,2.4000000000000004,2.2,9269,2,3,75.67447865948223
Roadways,1,9,1.6820283,2.2,1.8,9763,3,1,51.168913606428475
Railways,4,6,2.8335817,2.2,2.8,9965,1,2,48.18189031471583
Waterways,3,7,1.7344023,1.6,2.6,8757,3,3,56.95656878232456
Roadways,3,6,4.118993,2.2,2.6,6796,1,1,56.84461852517077
Roadways,4,10,1.3534663,2.2,2.4,6655,1,1,51.96223121479014
Waterways,3,6,1.6723951,2.2,2.0,6624,2,3,72.72770552465863
Roadways,2,10,1.8046723,2.4,2.6,6137,1,1,64.03525856037162
Railways,3,8,1.0459225,2.6,2.4,6260,1,2,66.08455418262606
Railways,2,11,4.9386991,2.0,2.0,7101,3,2,61.25381402696327
Railways,3,11,1.693302,2.4,2.4,9619,3,2,39.082613807679266
Railways,4,12,2.1514717,2.2,2.4,6236,1,2,62.787936494196906
Waterways,3,6,1.0616852,2.0,2.0,8426,1,3,79.06847575973973
Railways,1,3,3.6247245,2.2,2.4,8694,3,2,58.10001947588237
Roadways,4,8,4.7613875,2.6,2.2,7846,3,1,27.36895255819321
Roadways,4,5,1.5239918,2.6,2.0,8499,2,1,37.024950769297355
Railways,4,13,2.5998432,2.4,2.6,6335,3,2,39.42207122402314
Roadways,1,10,2.8844003,2.6,3.0,8103,3,1,40.571725346778905
Railways,4,12,3.7205486,2.4000000000000004,1.6,6678,2,2,57.66592369782085
Waterways,1,6,4.794675,2.4000000000000004,2.4,9344,1,3,83.15148629835609
Waterways,3,9,4.7390884,1.7999999999999998,2.8,9213,2,3,61.41091947804637
Railways,4,7,4.0180593,1.6,2.2,9820,2,2,50.52361270404593
Roadways,4,8,4.266513,1.7999999999999998,2.2,8409,1,1,52.67144186449114
Roadways,1,4,1.2234313,2.4,2.2,8999,2,1,57.21999812454466
Waterways,1,4,3.7071597,1.6,2.8,6434,3,3,76.1609429212381
Waterways,1,4,2.3392141,2.0,1.6,8851,2,3,86.497298622983
Waterways,1,5,3.8609188,2.2,2.6,7294,2,3,79.44962599092568
Roadways,2,8,2.5372768,2.2,2.2,9886,2,1,49.37150606277004
Railways,3,5,1.5865384,2.8,1.6,8686,3,2,45.621316713913714
Railways,1,8,1.9366558,2.4000000000000004,1.4,9995,1,2,81.27314564353365
Roadways,2,6,4.7841913,2.2,2.8,7108,1,1,61.2336168156211
Waterways,3,7,2.230312,2.0,1.7999999999999998,8313,3,3,62.08435221051266
Waterways,4,5,4.9530348,2.6,2.4,7037,2,3,56.63009528755779
Railways,3,9,1.3733659,1.7999999999999998,2.8,7768,1,2,65.58020096225286
Roadways,1,8,1.1262627,2.4000000000000004,2.0,8652,1,1,69.76131224167406
Waterways,3,11,1.819142,2.2,2.4000000000000004,6125,2,3,70.32077499585235
Waterways,1,9,3.8519128,2.4,1.6,7591,2,3,86.28609349866194
Waterways,4,8,1.8055373,2.4,2.4,9449,1,3,61.2108228199635
Roadways,3,12,2.3741343,2.2,1.6,8310,1,1,62.093008158230724
Waterways,1,10,4.7103103,1.7999999999999998,1.8000000000000003,9257,2,3,85.32586036513672
Waterways,1,6,4.7600361,1.7999999999999998,2.2,7111,1,3,97.28780304833626
Roadways,3,7,4.7169128,2.6,2.2,9743,3,1,29.108076720549942
Roadways,1,3,2.1955323,2.6,1.6,6508,1,1,77.87078112714865
Waterways,4,11,3.1249006,2.2,2.4,9701,3,3,43.17355896503718
Roadways,3,8,4.4343539,2.2,2.2,9457,2,1,43.39673815036823
Roadways,4,11,4.1250218,1.7999999999999998,2.0,9853,3,1,31.194881449582716
Railways,1,8,2.261161,2.6,1.7999999999999998,7959,3,2,62.14407824976737
Roadways,1,9,2.7488667,2.0,1.6,9242,1,1,75.7523821889449
Roadways,1,3,4.6582349,2.8,2.0,8371,3,1,47.49186701578989
Roadways,1,5,4.8827238,2.4,2.6,9828,3,1,41.36461015775465
Railways,2,6,1.3226858,2.6,2.4,6861,2,2,61.94628984440934
Waterways,2,4,2.7944511,2.6,2.2,7169,2,3,72.59772204309219
Railways,1,9,3.5966484,2.4,2.0,9858,1,2,75.89837917378979
Railways,1,8,1.3647491,2.2,2.0,6254,3,2,68.98689345249689
Waterways,4,13,3.9484788,2.8,1.6,6364,2,3,64.34196764118211
Railways,1,7,2.9818037,2.8,1.6,7385,2,2,73.41700749460807
Roadways,4,6,3.3437412,2.4000000000000004,1.7999999999999998,8298,3,1,31.834844517539114
Railways,1,6,2.2815356,2.2,1.8000000000000003,9696,2,2,70.59574560169656
Railways,4,6,1.8446684,2.2,2.0,7578,2,2,53.14578779944169
Waterways,4,5,2.1077257,2.0,2.0,7847,3,3,54.292989403677325
Roadways,4,8,1.283168,2.4,2.0,9585,3,1,26.198091363528164
Railways,2,9,2.455421,2.2,2.2,7311,2,2,66.4179524355673
Waterways,4,9,1.2263923,2.4,2.0,8667,2,3,57.69708510960593
Waterways,4,13,1.5372254,2.0,2.0,7142,2,3,65.94389503220734
Railways,1,3,4.245164,2.2,2.2,7921,2,2,71.87047816897852
Waterways,4,12,2.5108179,2.8,2.8,6301,3,3,43.36687513074087
Railways,1,3,3.6205573,2.8,1.7999999999999998,6203,2,2,74.90409931257349
Railways,3,5,2.5656248,2.6,2.4,9280,1,2,57.37090014642978
Railways,4,13,2.998442,2.6,2.4000000000000004,7714,1,2,54.676736419178695
Roadways,1,5,2.8083541,2.4,2.2,6137,2,1,65.47777224758894
Roadways,1,9,4.1863202,1.7999999999999998,2.6,7648,1,1,72.65816941132341
Roadways,2,8,4.7317727,3.0,2.2,7366,1,1,58.56585372891014
Roadways,3,10,3.2885696,2.6,1.8000000000000003,6368,2,1,52.30947898408026
Roadways,4,5,4.5372753,1.6,1.6,9276,1,1,57.86327930579298
Waterways,4,13,2.4688003,1.7999999999999998,2.0,9107,3,3,52.58084294504195
Roadways,3,10,3.7551722,2.0,2.6,6199,2,1,50.8737457892421
Roadways,3,4,4.9794968,2.6,2.4,6814,3,1,35.63581542634149
Roadways,3,10,4.9447224,2.0,2.6,9387,3,1,32.05860076605136
Waterways,2,10,1.2043873,2.2,2.4,6202,2,3,77.31117410717505
Waterways,4,8,3.4837347,2.4000000000000004,2.0,6287,1,3,74.18089488072826
Railways,2,8,4.9924035,2.6,2.2,9934,2,2,55.00306564815014
Waterways,3,10,1.5520419,2.0,2.2,6858,3,3,62.43578368786652
Waterways,1,4,4.7319571,2.0,2.8,7005,1,3,89.90024020254918
Roadways,1,9,2.1352634,2.0,2.2,8434,2,1,62.696904777361816
Roadways,4,12,2.7404695,2.8,1.6,7576,3,1,31.99469101873292
Railways,2,11,2.8992854,2.6,2.4,8112,2,2,58.33675964597174
Railways,1,5,1.4156677,2.6,2.0,6432,1,2,83.86011988487589
Waterways,2,4,2.3614611,1.7999999999999998,2.4,6041,2,3,81.62241313395802
Railways,1,4,3.8566174,2.8,2.0,8192,2,2,67.2418543925328
Railways,3,10,4.7933836,3.0,2.0,8946,1,2,58.33459565904222
Railways,1,5,2.8449498,2.2,1.7999999999999998,8017,1,2,85.05694892269517
Roadways,1,4,1.8342797,2.4,1.8000000000000003,6837,3,1,57.68799636450195
Railways,3,10,1.3653418,2.6,2.4,7034,3,2,44.61780384179813
Roadways,4,8,4.8548218,2.2,2.0,8439,2,1,41.04477288957174
Roadways,1,5,4.6259238,2.0,2.6,9911,3,1,44.97183210346742
Railways,1,4,2.8837996,2.0,2.0,8600,1,2,83.37480974948244
Waterways,4,13,1.4788206,2.6,2.0,6413,1,3,71.89399349361263
Railways,4,6,4.8155825,2.2,2.0,7537,3,2,43.64732783680653
Railways,3,10,4.4150751,2.6,1.8,6241,3,2,52.67591410414547
Roadways,1,2,2.8254099,2.2,2.0,8533,3,1,52.79450058788311
Railways,2,8,4.8817543,2.6,2.6,8938,2,2,54.03013712463842
Railways,2,4,4.6304932,2.0,2.0,9319,1,2,74.08769917696362
Roadways,2,6,1.7323496,2.0,2.0,9111,3,1,45.8375711410703
Roadways,2,4,2.062017,2.4,2.2,6839,3,1,46.62295413069038
Waterways,4,12,3.0557854,2.4,1.7999999999999998,9887,3,3,46.48359337242937
Railways,2,4,1.8916315,2.4000000000000004,1.6,9057,2,2,65.22689402956006
Roadways,1,8,2.2001518,2.4,1.8000000000000003,6364,2,1,68.66950870283411
Roadways,4,9,2.2974313,2.0,2.4,7144,1,1,52.47466331970021
Railways,2,3,2.6335075,2.8,2.2,7658,2,2,59.64669306730721
Waterways,4,8,4.9865728,3.0,1.8,6923,2,3,58.88237288380112
Railways,3,10,3.5084148,1.7999999999999998,2.2,7666,3,2,52.41104210397236
Railways,1,6,1.3975585,2.4000000000000004,2.4,9262,3,2,54.53780845830357
Railways,2,6,1.0587148,2.2,2.0,6203,2,2,71.53823404239972
Railways,2,6,1.2088723,2.4,2.6,6806,3,2,52.488224304458534
Roadways,1,3,3.782043,2.6,2.4,6842,1,1,69.21367928271046
Railways,2,7,1.4700815,2.2,2.8,7331,3,2,50.973433453795266
Railways,2,4,2.3605331,2.2,2.2,8169,2,2,63.942351388197615
Roadways,4,7,2.0270842,2.6,2.0,8131,1,1,47.70350493749684
Waterways,2,3,3.0664642,2.2,2.4,6635,1,3,85.67859023464833
Railways,3,5,2.4321184,2.4,2.4000000000000004,6953,1,2,66.00838184270701
Roadways,3,9,2.116167,2.0,2.4,8440,3,1,36.71434651201373
Waterways,3,10,3.0326504,2.4,2.0,9386,2,3,62.83511140926043
Roadways,4,8,2.889612,2.2,2.2,6321,2,1,45.232520395576806
Waterways,1,10,4.2788288,2.4,2.2,8913,3,3,67.08489320724503
Railways,2,7,1.3602421,2.2,1.6,7643,1,2,80.84684021841841
Waterways,3,11,1.1855351,2.4,2.2,6964,2,3,67.89999495069716
Roadways,2,7,2.7041415,2.0,2.2,6932,2,1,59.81808083212511
Roadways,2,11,2.0801299,2.0,2.2,7565,3,1,48.37491794882892
Railways,4,8,4.5694077,2.8,2.4000000000000004,6994,3,2,35.597296458996055
Roadways,2,11,2.7129426,1.7999999999999998,2.8,9592,1,1,57.913195270967236
Roadways,3,9,2.1972689,2.0,2.4,7749,2,1,48.32485771785937
Waterways,1,7,3.7157272,2.0,2.6,6190,1,3,94.17512424891619
Roadways,1,7,4.4390432,2.0,1.6,9530,3,1,55.68789537844524
Waterways,2,9,4.3195569,2.8,2.4,7830,3,3,57.22706714851442
Roadways,2,8,1.7436994,2.0,2.8,8309,1,1,59.6917039954412
Railways,4,13,4.4086239,2.4,2.2,8172,3,2,37.96844907056761
Railways,2,8,1.921696,2.8,2.2,7782,2,2,59.28891389496006
Railways,4,13,3.0062036,2.0,2.4000000000000004,9762,1,2,54.537664192508274
Waterways,1,4,1.8552229,2.2,2.2,9405,1,3,86.82218519400142
Roadways,4,9,4.0584072,2.4000000000000004,2.0,9896,2,1,34.91751603153649
Railways,1,10,3.5650471,1.6,3.0,9104,3,2,56.917039954412004
Waterways,1,6,4.807834,2.4,2.2,8667,3,3,67.79468092012725
Railways,1,8,2.350554,2.4,1.7999999999999998,7812,1,2,83.72508710047391
Railways,4,7,4.8153706,2.8,2.4,9037,1,2,48.93611189255084
Roadways,2,7,2.7055499,2.0,2.8,6277,1,1,65.55466591648454
Waterways,1,8,4.6493314,2.2,2.4,8481,1,3,87.56486550821234
Roadways,3,4,2.2611664,2.2,3.0,8629,3,1,28.4756154739492
Waterways,1,10,4.8935246,2.8,2.4,9276,3,3,60.26746878448853
Waterways,1,9,2.4647054,2.0,2.4,9394,2,3,77.23716575418553
Roadways,1,2,4.4440714,3.0,2.2,6940,1,1,67.00756674096354
Railways,4,9,2.677709,2.8,1.7999999999999998,8048,1,2,57.55974407247915
Railways,1,2,3.3822475,2.0,2.0,8650,1,2,83.23054395418117
Waterways,3,12,2.1388547,2.6,2.8,7614,1,3,67.94789119473718
Railways,4,11,1.4969822,3.0,2.8,6025,1,2,51.85662865262961
Railways,3,10,3.0407835,1.6,2.6,8730,1,2,66.65123022656942
Railways,4,11,2.7374702,2.2,1.7999999999999998,9369,1,2,59.51829650948909
Roadways,3,10,1.2938374,2.0,2.0,8917,2,1,48.80151190553475
Waterways,3,11,4.2507026,2.6,2.0,6608,2,3,68.92716741324215
Roadways,1,6,4.0170414,2.6,3.0,9437,1,1,55.9562297577056
Roadways,1,5,4.3893972,2.0,1.7999999999999998,9107,2,1,64.60179033851969
Roadways,3,12,1.5398487,2.8,2.6,7815,3,1,28.90091103849733
Roadways,4,9,1.4123287,2.2,1.7999999999999998,7503,3,1,36.052022245785636
Roadways,4,10,4.3553995,2.0,2.0,7590,3,1,35.800999761961435
Roadways,2,5,1.8039944,2.6,2.2,8196,3,1,40.78422886325766
Waterways,1,2,1.8562171,2.4,2.6,7446,1,3,86.70446430503559
Railways,2,6,2.2094548,2.0,2.2,6927,2,2,69.44926532643743
Railways,4,12,2.2149113,2.2,2.2,7454,2,2,51.58021538883237
Roadways,1,6,3.8494049,2.0,2.4000000000000004,9529,3,1,47.997374362525505
Railways,4,8,2.1696944,2.0,2.8,8779,3,2,34.293710732653835
Waterways,3,9,1.7244714,2.0,2.8,8647,1,3,70.73741461268239
Roadways,4,11,3.80809,2.6,2.0,6489,1,1,52.44119365519032
Railways,2,5,2.3411423,2.6,2.4,6244,2,2,63.726529758426906
Waterways,2,5,1.6992511,2.2,1.8,8860,2,3,75.41205917782924
Waterways,3,11,4.2335607,2.2,2.0,9169,1,3,75.00133445860654
Waterways,2,9,1.4366929,2.2,2.8,8412,3,3,57.47116487416416
Railways,1,5,3.8400822,2.2,2.0,6759,1,2,86.76332474951852
Waterways,2,4,2.2570163,2.4,1.6,7757,3,3,68.97780470739289
Waterways,2,8,1.4922354,2.0,2.8,8918,2,3,67.55130452345401
Roadways,3,6,3.7632614,2.8,2.2,6528,3,1,36.46101577546471
Railways,3,5,4.3802902,2.2,2.6,7479,1,2,64.49070567613771
Roadways,4,7,4.8708169,2.2,2.4,8349,2,1,37.457748155201145
Roadways,4,13,3.3393171,2.4,1.7999999999999998,9840,3,1,27.385687390448165
Railways,2,3,4.9145902,1.7999999999999998,2.0,6403,1,2,84.42463194188973
Railways,4,13,3.2972115,2.6,2.0,7031,2,2,50.87735243412463
Railways,1,6,4.3827585,2.6,2.2,8748,2,2,65.63761874878276
Roadways,4,12,1.7464162,2.2,2.4000000000000004,7177,3,1,31.22258048228055
Railways,2,4,2.5049837,2.4,2.4000000000000004,7534,2,2,61.927823822610776
Railways,1,4,1.6053467,2.8,2.2,9328,3,2,52.424026025549466
Railways,2,10,1.8969761,2.4,2.2,8183,3,2,52.36184746777462
Waterways,4,13,1.7666784,2.4000000000000004,2.6,9120,3,3,41.00322434052498
Roadways,1,8,3.2723827,2.2,2.2,8265,3,1,51.64441366774144
Waterways,3,11,3.047987,2.0,1.6,9895,1,3,78.6766498597015
Roadways,2,6,3.3695839,2.0,1.6,7136,3,1,55.382773221383076
Roadways,2,10,1.0235512,2.8,2.4,9011,1,1,53.81950906349859
Railways,3,12,3.1029982,2.2,2.6,7588,2,2,54.55944832759876
Roadways,2,10,2.089662,2.2,1.7999999999999998,8940,3,1,46.330960161000625
Waterways,4,6,5.0046002,2.6,1.6,8430,3,3,50.687498647508164
Waterways,3,7,3.9579577,2.0,2.4,6052,3,3,62.83799672516645
Railways,3,7,2.44537,2.6,2.6,7946,1,2,59.29655998211104
Roadways,2,10,3.6596869,2.4,2.6,6333,2,1,53.85297872800848
Railways,4,8,2.702567,2.4,2.0,9452,1,2,55.43211212337611
Waterways,1,8,1.7889055,2.6,1.7999999999999998,6815,2,3,84.67839547582466
Railways,2,11,4.1733839,1.7999999999999998,1.4,9367,1,2,81.64261034530018
Railways,4,7,2.7153179,2.8,2.2,9652,2,2,39.46823627851955
Roadways,2,6,2.828364,2.2,2.0,6025,3,1,52.818304444107824
Roadways,4,12,4.5151238,2.2,2.8,8849,2,1,32.16838703627563
Waterways,4,9,4.8140883,2.2,2.2,7027,2,3,62.429003195487354
Waterways,3,7,1.7282612,2.4,2.2,7284,2,3,66.97669386076907
Roadways,4,8,3.2907725,1.6,1.6,6907,1,1,64.69859268716684
Roadways,4,7,2.4705415,2.6,2.4,9748,2,1,29.57448803675893
Roadways,4,12,4.3087224,2.2,2.0,9654,3,1,27.92235614896886
Roadways,4,5,3.9560989,2.4,2.6,6208,3,1,30.171748429306156
Railways,3,7,3.5390299,2.2,2.0,9634,1,2,64.04290464752259
Roadways,3,6,3.2257337,2.6,2.2,6735,2,1,47.40386488065611
Railways,1,6,4.2686721,2.4,2.0,6893,2,2,74.83658292037249
Railways,1,5,4.8436019,2.2,2.6,8333,2,2,66.83502484978324
Waterways,4,11,3.6426212,2.4,1.6,6160,1,3,78.39403316670634
Waterways,1,8,3.3005364,2.8,2.2,6555,2,3,79.6585228625219
Railways,4,6,2.1912995,2.6,2.8,6080,2,2,45.9278815289289
Railways,4,11,1.3093759,1.7999999999999998,1.7999999999999998,7416,2,2,59.3832637250871
Railways,4,13,3.5670673,1.7999999999999998,2.2,8153,1,2,63.02684065121581
Waterways,2,3,2.0212966,2.0,2.6,8986,3,3,59.66169671001853
Waterways,2,11,4.2754103,1.7999999999999998,2.2,7173,1,3,89.89634502607605
Railways,2,9,4.5782054,2.0,2.0,8750,2,2,66.11268601270982
Roadways,3,8,5.0076923,2.0,3.0,9755,1,1,46.38361717628558
Waterways,3,8,2.3762666,2.4,2.6,6846,1,3,74.01051697647746
Railways,1,8,2.5968602,2.8,2.2,7847,1,2,75.93069471193728
Roadways,1,8,2.4326659,2.4,1.7999999999999998,9220,3,1,50.81228856044376
Railways,4,13,3.0931767,2.4000000000000004,1.6,6118,1,2,68.8984585199772
Roadways,4,13,4.4607036,2.6,2.2,9142,1,1,42.863098973548865
Railways,3,10,3.6175281,2.0,2.4,8515,3,2,46.11470573384403
Roadways,4,7,3.0741228,2.6,2.6,8385,2,1,31.583822033714913
Waterways,3,7,2.5624463,2.2,2.4000000000000004,7507,2,3,66.33326841372545
Waterways,2,8,3.4936089,2.0,1.6,9098,1,3,88.18881507289029
Waterways,1,5,4.8902356,2.2,2.2,7569,1,3,92.1196251974638
Railways,3,5,3.3254948,2.2,2.8,9963,1,2,55.40022938261452
Waterways,2,3,2.8555329,1.7999999999999998,2.2,6033,3,3,73.95208932938046
Waterways,3,12,2.4554122,1.7999999999999998,2.2,8954,3,3,58.31151313179402
Roadways,4,11,4.8668758,2.4,1.4,9171,2,1,42.77942481227413
Railways,3,9,4.0337479,3.0,2.2,7716,3,2,40.72666681093246
Waterways,4,5,3.824891,2.4000000000000004,2.0,7279,2,3,61.70190358716899
Roadways,3,12,2.4082154,2.4,1.8,6857,3,1,43.205153174208164
Waterways,2,7,3.1085181,1.7999999999999998,2.4,6676,3,3,70.17347961884978
Waterways,1,3,3.3383272,2.4,2.4,8087,1,3,86.77832839222984
Roadways,4,13,4.0768937,2.6,2.2,8783,3,1,24.66541155424754
Railways,1,5,3.0482244,2.6,2.2,6363,3,2,62.90233926987081
Roadways,3,4,1.9035083,2.2,2.6,6332,1,1,58.1834051055665
Railways,2,11,4.9406914,2.0,1.7999999999999998,7754,3,2,61.293054323285226
Waterways,1,2,4.4345688,1.7999999999999998,2.0,9360,2,3,83.10532124385969
Roadways,2,5,3.6953371,2.4000000000000004,2.6,6460,1,1,63.10330152272547
Roadways,1,2,1.1864696,3.0,1.6,8984,2,1,57.26327786313503
Waterways,1,4,2.5187701,1.7999999999999998,2.8,8659,2,3,77.43452136215765
Waterways,4,7,4.9818933,2.2,1.6,8447,1,3,73.718667272583
Waterways,1,9,2.6792101,2.0,2.0,7854,1,3,95.1440133301595
Railways,4,12,4.4822862,2.2,2.4,7712,1,2,58.529210216903614
Waterways,2,11,4.9231998,2.4000000000000004,1.7999999999999998,9107,1,3,82.39279248086675
Waterways,4,7,3.5158545,2.6,2.6,8729,1,3,59.4415471063888
Roadways,1,4,2.5357341,2.6,2.0,6278,3,1,55.45418479005719
Roadways,3,6,4.4950461,2.0,2.0,9849,2,1,46.1123974811192
Roadways,1,10,2.9015209,2.4,2.8,6615,1,1,67.94529441042177
Roadways,1,8,1.4938653,2.2,2.0,9689,3,1,49.45907540051791
Waterways,4,12,4.6282203,3.0,2.6,8155,2,3,47.63425735575223
Roadways,3,8,1.6793999,2.0,2.0,8135,3,1,41.441071029264315
Railways,3,4,3.9901173,2.4,2.0,9992,3,2,41.85309414064473
Roadways,4,11,2.0206927,2.6,1.8000000000000003,9282,1,1,46.30585791261821
Roadways,2,9,3.9991931,2.2,3.0,8762,3,1,35.30443689453449
Railways,2,8,1.3270662,2.2,2.0,9849,1,2,70.63513016381381
Roadways,1,7,1.3665879,2.4000000000000004,1.7999999999999998,9143,1,1,70.2679737147721
Waterways,3,6,4.4517865,2.2,2.2,7587,2,3,68.02579472419986
Roadways,1,4,1.7784313,2.6,2.2,6468,1,1,72.21613901452035
Roadways,4,6,3.1508953,2.8,2.4,6991,2,1,35.60595240671413
Roadways,3,10,4.2264769,2.4000000000000004,2.2,9624,1,1,50.60829672588777
Waterways,4,6,1.6157188,2.0,2.6,6389,2,3,62.34648316057504
Railways,3,7,2.9394448,2.2,2.0,7750,1,2,69.47883981447418
Roadways,1,8,2.7300141,2.4000000000000004,1.8,7693,1,1,74.45168177850871
Waterways,1,10,1.9555086,2.2,1.7999999999999998,7204,1,3,97.01946866907589
Railways,2,3,3.9145604,2.0,2.6,9470,2,2,58.265203811502296
Roadways,3,6,3.3808901,2.0,2.0,6072,1,1,66.62699357295882
Railways,1,8,3.5357799,2.4,1.7999999999999998,7849,2,2,74.0015724971688
Roadways,4,11,1.1502217,2.4000000000000004,1.6,9621,1,1,49.174438986388516
Railways,2,4,2.4871128,2.2,2.4,6361,2,2,67.23565096333483
Roadways,2,4,1.6766444,2.4,2.4,6775,3,1,44.88426276571956
Railways,3,8,1.5265644,2.0,2.0,6901,3,2,54.61830877208168
Roadways,4,9,4.6638808,2.4,2.2,6433,1,1,52.602771345927735
Railways,3,9,3.779062,2.6,2.2,8491,3,2,42.33725014967576
Railways,2,8,3.2167652,2.4,2.4,9373,1,2,66.23848578621251
Roadways,1,3,1.878236,2.4,2.6,7182,2,1,58.615913959879684
Roadways,3,4,2.037067,2.6,2.4,7448,2,1,43.423283056703674
Roadways,3,7,4.9095325,2.4000000000000004,2.2,8432,1,1,54.04759328586988
Roadways,1,3,1.2608542,2.6,2.6,6451,2,1,58.801728304227694
Waterways,3,6,3.9307827,2.6,1.7999999999999998,6151,1,3,81.78586628003434
Railways,1,5,3.989197,1.7999999999999998,2.8,6363,2,2,74.44244876760945
Waterways,4,5,4.9322945,2.6,1.8,8994,3,3,47.13682889355348
Roadways,4,9,3.5453231,1.7999999999999998,2.6,8381,1,1,48.90552754394697
Roadways,4,7,1.5729295,2.4,2.2,9426,3,1,24.73350500962974
Waterways,4,5,4.8003155,2.2,2.6,7991,1,3,65.41761341094833
Railways,3,4,2.9882364,2.0,2.4,9894,3,2,42.1358550994352
Roadways,4,9,4.5963251,2.6,2.2,7218,1,1,48.414446776741464
Waterways,1,10,4.2721851,2.4000000000000004,2.4000000000000004,8341,2,3,76.42870023731723
Roadways,2,10,3.412486,2.4,1.6,7092,2,1,61.2797818701175
Railways,2,3,3.9272164,2.0,2.2,9348,2,2,62.46391551795026
Waterways,2,8,1.5837261,2.8,2.2,8195,1,3,77.33079425533603
Roadways,2,7,3.2604727,2.2,2.2,6430,2,1,59.343157833993345
Roadways,1,6,3.0368412,1.6,2.2,7720,2,1,68.60372350017673
Waterways,1,8,2.0528554,2.0,1.7999999999999998,9860,3,3,72.04590537606485
Railways,3,12,4.6520243,2.4000000000000004,1.8,7127,1,2,71.27639162392792
Roadways,4,12,2.5201172,2.4,2.4,6488,3,1,31.28721155857552
Waterways,3,8,3.0247709,2.4,2.2,9377,3,3,51.320969754676014
Waterways,3,9,4.1575675,2.4000000000000004,2.2,8309,1,3,73.63600297187539
Roadways,2,9,1.6140039,2.2,2.6,7106,1,1,63.162739030389595
Roadways,4,9,1.5022126,2.6,2.4,6908,2,1,37.768785209870664
Waterways,4,12,4.3859549,2.6,2.2,7950,3,3,46.30239553353098
Roadways,1,10,3.3399927,2.0,2.4000000000000004,6818,3,1,55.81946578376
Waterways,4,7,3.3753307,2.6,2.0,9110,1,3,64.1122964950625
Roadways,1,8,1.5854883,2.2,2.8,8802,3,1,44.32494427733656
Railways,3,12,1.4398654,3.0,2.0,9246,3,2,38.23548505767025
Roadways,2,10,4.8729797,2.8,2.4,6368,3,1,42.21188317355897
Roadways,3,9,1.5535561,2.0,2.0,9026,1,1,58.10377038656019
Railways,3,11,1.8804421,2.4,2.4,8644,1,2,61.129312645618285
Railways,4,10,2.3047939,2.2,1.8,9209,3,2,40.74643122488874
Railways,3,9,1.1367144,2.2,2.6,9490,2,2,49.07157747433871
Roadways,1,8,4.319973,2.8,2.0,7114,1,1,70.35222493922804
Railways,4,10,1.5375831,2.0,2.2,6876,2,2,55.17127956547142
Roadways,4,10,4.8379748,2.4,2.0,9144,3,1,27.470515678085306
Roadways,3,12,2.2694546,2.6,2.4,6460,2,1,46.27397517185663
Waterways,2,8,4.0504477,2.6,1.6,9311,2,3,72.1874301212554
Roadways,4,13,2.3013004,2.0,1.7999999999999998,7517,1,1,57.16849523562212
Railways,4,12,4.1241503,1.7999999999999998,2.2,9228,3,2,40.69161022267426
Roadways,2,11,3.3172416,2.2,2.2,7766,1,1,65.10513369832579
Waterways,3,12,1.2914629,2.6,2.0,7346,1,3,76.4145621893777
Roadways,1,10,3.2389363,1.7999999999999998,2.6,8855,2,1,59.55883519796874
Roadways,2,10,5.023028,1.6,3.0,8975,2,1,50.076677270202616
Railways,2,6,1.3918981,2.6,2.4000000000000004,7338,2,2,60.569994157235286
Railways,1,2,2.2662047,2.2,1.7999999999999998,8232,1,2,84.43660600289972
Railways,4,5,3.8637629,2.4000000000000004,2.2,8187,3,2,37.92516933197723
Railways,1,7,3.6982748,2.6,2.4,8804,2,2,63.55268947508891
Roadways,3,5,2.8919701,2.0,1.6,6566,2,1,59.431592766513006
Railways,3,6,3.9403917,2.2,2.2,6320,3,2,52.447974147569475
Roadways,1,9,2.5485383,3.0,2.6,6302,1,1,65.00169512309479
Railways,3,11,1.3088837,2.6,3.0,7212,2,2,47.9509207764385
Roadways,2,3,3.8074105,2.2,2.6,9581,3,1,36.78806633341268
Railways,3,8,3.9341205,2.0,2.0,7996,3,2,51.45888785498403
Railways,4,8,3.8697509,2.6,2.0,7553,1,2,58.98797544596164
Railways,1,10,2.8335179,2.6,2.6,8550,2,2,62.362208132262886
Waterways,2,4,4.2068638,2.2,2.6,6431,3,3,65.11032726695663
Railways,4,10,2.1561888,2.2,2.4,9882,1,2,52.268074700828805
Waterways,1,8,2.3188807,2.8,2.0,6794,2,3,80.89228394393831
Waterways,4,12,1.0785092,2.2,1.7999999999999998,6218,1,3,78.22668484415688
Waterways,3,9,4.9545203,2.0,2.0,6800,2,3,74.14324150815463
Roadways,3,9,4.4321938,2.2,2.2,9684,1,1,52.3585293544827
Railways,1,6,1.1742102,2.4000000000000004,2.2,6205,1,2,84.51508659554362
Waterways,2,7,4.541269,2.4000000000000004,2.4,8059,3,3,60.41303297194751
Waterways,4,12,2.5373945,2.4,2.4000000000000004,6647,1,3,69.29547798864628
Railways,3,12,4.6661124,2.4,2.2,8370,2,2,54.22648287204345
Railways,4,10,2.5637245,2.6,2.2,8798,1,2,53.47240556000374
Railways,3,10,2.1779806,2.0,2.2,6055,1,2,74.369450275187
Roadways,3,9,4.5182501,2.4,1.7999999999999998,8353,1,1,58.12223640835876
Roadways,2,3,1.9388921,2.0,1.6,8925,1,1,69.45445889506826
Railways,3,5,3.0856241,2.8,2.4,9420,1,2,55.04360433662981
Railways,1,9,1.3279328,2.4,2.6,8920,1,2,72.83475074477217
Roadways,4,13,2.2810228,2.2,1.6,7308,1,1,57.771526259981385
Waterways,1,2,1.4723102,2.4,1.4,7994,2,3,87.0466627714902
Railways,4,12,3.709591,2.6,1.8,7592,1,2,60.7987997085831
Roadways,1,4,2.1696043,2.6,1.6,9145,1,1,70.26220308296003
Railways,3,9,1.1772014,1.7999999999999998,2.4000000000000004,8543,3,2,47.95726847143177
Roadways,1,4,3.2884436,2.2,2.6,6469,2,1,62.596495783832125
Railways,2,10,1.4676148,2.6,2.2,8918,2,2,57.93454660867181
Roadways,3,8,4.9113961,2.4,2.0,8964,2,1,44.81919889203869
Railways,3,5,1.6103297,2.8,2.0,7249,1,2,65.15432833452353
Railways,2,7,4.8945731,2.2,2.2,8033,1,2,73.95151226619923
Railways,3,12,3.7929907,2.4,2.8,9697,1,2,54.24437183066082
Railways,3,4,1.4813693,1.6,2.4,9095,2,2,57.90468358904446
Waterways,2,6,4.4045447,2.4,2.2,9365,2,3,68.18491989641716
Railways,1,5,5.0023236,2.8,2.4000000000000004,8291,3,2,53.49274703714123
Railways,3,6,3.402615,2.0,2.0,7172,3,2,53.83638816154884
Waterways,1,4,4.4927201,2.6,2.0,8829,3,3,67.32725974335115
Roadways,4,11,4.6154203,2.4,2.2,8374,2,1,37.38561525755051
Roadways,1,7,4.984927,2.8,2.4,9691,1,1,59.070062683488054
Roadways,4,7,4.8657325,2.4000000000000004,2.6,8859,1,1,41.756291791997576
Waterways,2,6,3.0517899,2.0,2.2,9125,1,3,82.34085679455828
Railways,1,9,4.5574502,2.2,1.7999999999999998,7994,2,2,75.50655327375156
Railways,1,8,1.3911875,2.4,1.8,6657,1,2,87.05762697193309
Railways,3,12,4.1271675,2.6,1.8,9520,1,2,62.44847907785302
Roadways,4,5,1.8810151,2.6,2.4000000000000004,9518,1,1,39.854868609926925
Waterways,4,6,1.0785595,2.4,2.2,8080,3,3,47.850656048704124
Waterways,1,6,1.3715013,2.8,2.0,8719,3,3,65.7212929100575
Roadways,4,13,4.1375839,2.6,2.6,9986,1,1,36.581189182950666
Railways,2,9,3.4838411,2.2,1.7999999999999998,9141,3,2,55.36776957867174
Waterways,3,8,1.1318424,2.0,2.6,9659,3,3,50.50731066917689
Railways,1,8,4.5581195,2.8,2.0,8762,3,2,55.98046641131621
Waterways,3,6,1.1197102,2.8,2.0,8148,3,3,52.943671420224625
Waterways,2,7,2.00764,2.6,2.0,8325,2,3,71.18564843868343
Roadways,2,6,2.2530609,2.0,1.6,6167,3,1,58.17864433432155
Waterways,1,8,1.8204025,2.0,2.4,8455,1,3,89.56323530472542
Roadways,4,13,1.4121601,1.7999999999999998,1.7999999999999998,9067,1,1,54.619607164239405
Railways,1,4,1.2617118,2.4000000000000004,2.0,9159,2,2,68.29845707731926
Railways,3,9,4.6405337,2.4,2.2,9156,3,2,42.3418666551254
Railways,1,2,3.5105368,2.4000000000000004,2.4,9893,2,2,62.333932036383835
Waterways,3,5,3.2916306,2.8,2.4,9550,2,3,54.66851326884652
Railways,4,13,3.0835861,2.4,2.0,6441,3,2,44.88628248685378
Waterways,1,9,4.11717,2.6,2.4,6748,2,3,79.10165689265905
Waterways,2,6,2.3205924,1.7999999999999998,1.7999999999999998,9372,3,3,68.16472268507499
Roadways,2,7,2.2757863,3.0,2.8,8507,3,1,30.27013770170162
Waterways,3,9,2.9812308,2.6,2.2,7242,2,3,65.1745255458657
Waterways,4,11,4.8561567,2.2,2.6,6912,2,3,58.914111358767386
Roadways,2,3,2.0460825,2.8,1.7999999999999998,9392,3,1,39.2567426226079
Roadways,4,10,4.643558,2.4,2.6,9524,3,1,20.604040884926388
Roadways,1,10,3.9155399,2.6,2.4000000000000004,7362,3,1,48.47979918201294
Roadways,1,8,3.1163652,2.8,2.6,8064,3,1,42.607604250070324
Waterways,4,8,2.419683,2.2,2.4,6347,3,3,52.85090851384591
Roadways,3,6,3.2562828,2.0,2.2,8486,1,1,57.738489392857396
Railways,2,9,1.2542614,2.8,2.4,7561,3,2,48.38645921245302
Roadways,2,3,2.7725114,2.6,2.2,6961,3,1,44.34759400719886
Railways,4,11,3.5514236,2.4,2.4,7773,2,2,46.81309644889745
Railways,1,4,3.4112144,2.6,1.8000000000000003,6828,3,2,65.40737053948193
Roadways,1,9,3.530241,1.7999999999999998,2.8,8126,2,1,59.73887891050471
Railways,1,5,3.2725188,2.4,2.0,7947,3,2,62.17870204063966
Railways,2,9,1.6100259,2.2,1.6,7514,3,2,61.985530140731285
Railways,4,13,4.3382725,2.0,2.0,8591,2,2,52.146314369594535
Waterways,4,5,2.5372317,2.2,2.6,7296,2,3,57.8061500508537
Railways,1,10,2.958224,2.4,1.6,7830,2,2,75.9797450823397
Railways,4,5,1.1464256,2.2,2.2,6187,1,2,64.85266855654858
Roadways,4,11,1.087313,2.2,2.0,9989,2,1,36.572533235232584
Waterways,2,5,1.4216048,2.8,2.4000000000000004,9352,1,3,72.06913216910836
Railways,3,8,2.456467,2.8,2.4,9752,2,2,44.46892154104722
Railways,1,5,2.6711885,2.4,2.0,8716,3,2,59.95989410890624
Waterways,2,5,2.2917153,2.4000000000000004,2.2,7311,2,3,74.11135876739304
Railways,1,6,4.5688608,2.4,2.8,7544,3,2,55.648078018942094
Waterways,3,9,5.0301904,1.7999999999999998,2.2,8368,2,3,69.61906616750701
Railways,1,9,1.1089169,2.4,2.0,8257,2,2,70.90101202455403
Waterways,4,5,4.7839986,2.0,3.0,7703,2,3,54.70847489414496
Roadways,3,5,4.3853265,2.6,2.0,8166,1,1,54.8150873168726
Roadways,2,9,1.9560669,2.8,2.2,6715,3,1,43.13403013712463
Railways,2,9,4.0479386,2.6,1.7999999999999998,6154,1,2,79.37302085362072
Waterways,4,6,1.7558747,2.2,2.4,7237,3,3,50.282977357483425
Waterways,4,11,2.831828,2.8,2.8,8329,2,3,47.13221238810384
Waterways,2,5,1.6576834,2.4,2.2,9815,1,3,76.50328565348798
Waterways,3,10,2.3229808,2.2,2.0,7925,3,3,59.35715161613757
Waterways,1,9,3.9607137,2.4,2.8,7076,2,3,76.23192169252631
Railways,3,5,4.6001441,2.2,2.2,9837,1,2,61.53383393564301
Waterways,4,7,2.9789983,2.2,2.2,6303,1,3,74.13472982623185
Roadways,2,7,4.6535282,2.2,2.6,9292,3,1,37.62192263025398
Roadways,3,4,2.9714514,2.6,2.2,9344,1,1,49.49283359661841
Waterways,2,8,4.055271,2.6,2.6,9651,3,3,51.97290688364242
Roadways,2,10,1.8836975,2.4000000000000004,2.4000000000000004,8950,1,1,57.842216499679
Roadways,4,10,3.69066,2.6,2.4,9504,2,1,30.27850511782909
Roadways,4,10,3.478721,2.2,2.4,7325,3,1,30.795553728188818
Waterways,1,6,3.7511021,2.6,2.2,9698,3,3,62.89656863805876
Waterways,1,7,4.2137992,2.4,2.2,8533,3,3,68.18131325153463
Waterways,4,13,4.508961,2.8,2.2,7546,1,3,64.77822740617313
Railways,1,2,3.3997905,2.0,2.8,7870,2,2,68.17092611427293
Waterways,3,12,3.8669922,2.6,2.0,6036,1,3,80.1943260262708
Railways,3,9,1.7704651,2.2,2.0,6456,2,2,63.59568068208867
Railways,3,12,1.1441398,2.2,2.4,8864,1,2,62.417894729249156
Waterways,2,10,4.5687239,3.0,2.2,6251,3,3,61.78298096412832
Waterways,1,5,4.3297517,1.6,2.6,6684,2,3,86.97972344247042
Roadways,2,9,3.4988559,2.0,1.6,9961,3,1,47.231755786861704
Waterways,4,13,2.8213791,2.2,2.4,7058,1,3,70.03296473422634
Railways,3,8,3.4062115,1.7999999999999998,2.6,6871,2,2,60.47492299813175
Railways,2,11,2.9809377,3.0,1.7999999999999998,8868,2,2,58.07881240397308
Railways,3,6,4.2274502,2.6,2.6,7063,3,2,42.61077809756696
Waterways,4,7,2.2079587,2.2,2.8,6405,3,3,48.836857025383566
Waterways,1,6,1.2983487,2.0,2.8,9043,2,3,74.40320847128751
Railways,3,4,2.3257011,1.7999999999999998,2.8,6674,2,2,59.1199786486623
Roadways,4,10,2.707764,2.8,2.0,7537,3,1,28.26051517315502
Waterways,4,8,4.5925005,2.0,2.2,9770,2,3,56.43793324821651
Waterways,1,5,2.3410758,2.2,2.0,8224,2,3,82.53633694719151
Waterways,4,6,3.8522169,2.2,2.4,9549,2,3,53.22888489753521
Roadways,3,5,3.3028681,2.0,2.4,9704,3,1,33.0673072067978
Roadways,3,8,4.0913376,2.6,2.6,9470,1,1,45.28258062654635
Waterways,1,9,1.1788626,2.2,2.4,7871,3,3,70.09139238132335
Roadways,1,4,4.3627767,2.2,2.2,9895,3,1,46.94134874092027
Railways,3,12,1.6994443,2.4,1.7999999999999998,7295,1,2,70.7916585517157
Waterways,2,11,4.7279437,2.6,1.7999999999999998,9933,1,3,78.08616995953344
Roadways,1,4,4.5832571,2.0,1.8,9447,1,1,73.23754084525329
Waterways,1,7,4.468988,2.0,2.4000000000000004,9301,3,3,67.88874221866365
Waterways,1,2,4.2421387,2.4,2.4,9883,1,3,81.59630102500847
Railways,4,9,3.4996518,1.7999999999999998,2.4,7468,3,2,43.84641463432228
Roadways,1,6,4.2334204,2.8,2.0,8883,1,1,65.24810110146935
Railways,1,9,1.5925745,2.2,2.4000000000000004,7579,1,2,80.55066254066492
Roadways,3,6,2.9064118,2.2,2.0,9578,1,1,54.5877244234778
Railways,3,10,1.1191977,2.0,2.2,7783,2,2,59.766866474793154
Railways,2,5,1.1384418,2.0,2.0,8779,2,2,66.02901185143509
Railways,4,11,1.8972686,1.6,1.7999999999999998,7167,1,2,71.64181688342603
Railways,3,4,4.2202642,2.0,2.6,8111,3,2,45.357021776921805
Roadways,1,7,3.281345,2.2,2.4000000000000004,7760,2,1,60.79490453210995
Waterways,3,6,2.4507818,2.0,3.0,9674,1,3,65.85084359423803
Railways,1,3,2.3321657,2.2,2.6,6464,2,2,72.22768027814445
Waterways,4,10,4.4827592,2.6,2.6,6705,3,3,46.04791067061955
Railways,2,8,3.8236254,1.7999999999999998,1.6,6229,3,2,69.53986424588663
Roadways,4,9,3.9272723,2.2,1.7999999999999998,6069,3,1,40.18956525502586
Waterways,1,4,3.8147263,1.7999999999999998,2.0,8971,2,3,84.22770913130351
Railways,2,5,2.439014,2.4000000000000004,1.7999999999999998,6927,1,2,79.06602324121963
Railways,4,5,3.2529475,3.0,1.4,9222,2,2,46.47897686697972
Waterways,1,3,3.6245048,2.8,2.4000000000000004,6667,3,3,67.79525798330845
Waterways,4,8,1.3560481,2.2,2.6,9990,1,3,59.64986691480383
Roadways,3,5,2.4356537,2.4,2.4000000000000004,9427,2,1,39.636594461636115
Waterways,2,6,3.5053309,2.6,2.2,6321,1,3,84.6612278461838
Waterways,4,13,2.3182704,1.7999999999999998,2.4,9107,1,3,67.96765560869346
Railways,4,5,2.6457862,2.6,2.0,8271,1,2,56.9163186254355
Railways,3,9,1.5161328,2.4,1.8,6176,3,2,54.786811220993556
Waterways,4,11,3.9544159,2.4000000000000004,2.2,6511,3,3,52.37771670525776
Roadways,1,3,1.1946415,2.2,1.7999999999999998,8691,2,1,63.878730172469766
Railways,4,10,1.9758529,2.6,1.7999999999999998,7753,2,2,50.71750593293083
Railways,3,11,1.4933993,2.4000000000000004,2.0,6794,1,2,70.31385023767788
Railways,1,7,2.7456151,2.8,2.2,8152,2,2,65.43391544581736
Waterways,2,6,1.5908806,1.6,2.2,8782,1,3,87.17722331623784
Railways,3,7,4.6523087,2.6,1.7999999999999998,8624,1,2,65.03372212965168
Roadways,2,11,3.5151132,2.2,2.4000000000000004,7139,1,1,64.99087518844719
Waterways,1,6,1.399245,2.2,2.0,6816,2,3,86.59886174287509
Roadways,4,6,1.353546,2.4,2.4,8119,2,1,36.198019230630514
Waterways,1,6,2.9406876,2.0,2.8,9319,1,3,83.22361919600674
Roadways,2,5,2.435497,2.0,2.4,6828,3,1,48.5780441886131
Railways,4,6,1.7277239,2.0,2.4000000000000004,8698,2,2,47.99088240173696
Railways,2,11,1.6471493,2.4,1.8000000000000003,9132,2,2,63.087143753651716
Waterways,3,10,2.5009816,2.4,2.0,7218,3,3,59.47371837874099
Railways,3,6,4.9650068,2.4000000000000004,2.2,8156,2,2,54.843940475932854
Roadways,4,12,3.8945812,2.4,2.6,9487,2,1,30.327555488231518
Roadways,4,6,4.33271,2.4000000000000004,3.0,8676,2,1,28.820843522105122
Railways,1,5,2.4304366,2.4,2.2,7278,3,2,62.185626798814134
Waterways,1,7,1.9543251,2.6,2.8,7348,2,3,73.523764183131
Railways,3,9,2.3986209,2.6,2.4000000000000004,6319,2,2,56.29756262938837
Roadways,4,9,3.3925574,2.6,2.4000000000000004,7244,1,1,46.41607698022837
Waterways,2,9,2.5084582,1.6,1.7999999999999998,6039,2,3,89.32159009759582
Railways,3,7,4.3278088,1.7999999999999998,1.8,7410,2,2,66.6131440566099
Railways,3,4,3.4062435,2.2,2.4,8087,3,2,45.4262693586664
Railways,4,8,3.1240589,1.7999999999999998,1.8,6882,2,2,60.92402241890458
Roadways,3,5,4.8378115,2.0,1.7999999999999998,8409,1,1,61.80736188353423
Railways,4,6,2.5226225,1.7999999999999998,2.2,6737,1,2,67.11244797414757
Waterways,3,5,3.2098193,2.2,2.2,6172,2,3,72.10851673122562
Waterways,1,8,1.1819402,2.4,2.0,9053,1,3,87.83781639292232
Railways,3,4,3.552925,2.8,1.7999999999999998,7083,2,2,57.93988444309797
Waterways,4,8,2.2289115,2.4,2.2,6890,2,3,60.90093989165639
Waterways,1,7,3.8261003,1.7999999999999998,2.4,8631,1,3,90.97877128822141
Roadways,1,2,4.0423194,2.0,3.0,6283,2,1,61.20981295939638
Railways,4,5,1.0566536,2.4000000000000004,2.2,6102,1,2,63.1745688256043
Roadways,2,9,3.0704139,2.4000000000000004,2.4,8927,3,1,38.6750629359532
Roadways,1,9,4.1203378,2.4,2.4,6645,3,1,52.47192226958949
Roadways,2,10,1.0948747,2.0,2.2,9482,1,1,62.07728318654288
Railways,3,7,4.7389226,2.4,2.6,7930,2,2,51.64931870478169
Railways,4,5,4.3273638,1.7999999999999998,1.7999999999999998,6597,3,2,52.1295795373396
Roadways,1,2,2.8942876,2.6,2.0,7737,3,1,51.24450888316634
Waterways,3,9,3.762525,2.4,2.0,9218,3,3,53.70308656669047
Railways,2,8,2.6674911,2.6,2.4000000000000004,8813,3,2,46.69739528106584
Roadways,4,13,4.5399819,2.4,2.2,9628,2,1,33.76742911139484
Waterways,3,8,3.0684913,2.6,1.4,6038,1,3,85.95861014332806
Roadways,1,9,3.8295251,2.6,2.0,6887,3,1,53.69702740328781
Railways,3,8,3.5083099,2.4,2.2,6312,3,2,50.54770509186125
Roadways,4,7,1.1555352,2.2,2.4,9094,3,1,25.69142989043013
Roadways,3,10,3.6101035,2.0,2.2,7343,3,1,41.80288964387988
Roadways,2,9,2.7772696,2.4,2.4,6715,2,1,54.67413963486326
Waterways,1,5,4.9700461,2.2,1.7999999999999998,6171,1,3,100.0
Waterways,3,7,4.99713,2.4,2.0,9257,1,3,72.82407507591986
Railways,4,10,1.9112599,2.4,2.4000000000000004,8963,3,2,33.7628126059452
Railways,1,10,3.338928,2.0,2.6,7849,3,2,60.538111416473704
Railways,1,5,2.5648574,2.6,3.0,8926,2,2,57.430626185684496
Railways,3,4,2.3116644,2.4,2.2,7004,2,2,58.16782439967396
Waterways,4,8,1.4117719,2.0,2.2,7507,3,3,53.35064522876948
Roadways,4,5,1.4145821,2.0,2.2,9396,1,1,47.90028348228776
Railways,2,6,3.5104929,2.0,1.7999999999999998,6189,1,2,85.04208954577913
Railways,2,4,2.8114686,2.4,2.2,8787,3,2,50.61911666053537
Railways,1,6,3.9713193,2.6,2.0,9317,1,2,75.53598349599301
Roadways,1,9,1.132956,2.4,2.6,9825,3,1,41.37326610547272
Railways,4,7,3.8894038,2.8,2.4,6695,3,2,36.460005914897614
Railways,3,9,1.9828052,1.7999999999999998,2.0,8032,1,2,72.51188389488794
Railways,1,8,2.6104586,2.4,2.0,7092,1,2,83.87916296985564
Waterways,1,10,2.5250318,2.2,2.2,6192,3,3,76.8591893704962
Roadways,4,9,3.364926,2.0,2.4,7293,2,1,42.42799333492025
Railways,2,3,2.3476102,2.4,2.4,9264,2,2,56.93622730518707
Waterways,2,10,2.5771003,2.6,2.4,9873,1,3,72.48923416502565
Railways,2,8,2.2815543,1.7999999999999998,2.0,8014,3,2,60.54287218771866
Waterways,3,10,4.024425,1.7999999999999998,2.2,8847,3,3,58.620241933738725
Waterways,2,6,3.8365966,2.2,2.0,8677,1,3,83.63347832045761
Waterways,4,13,4.9916025,2.8,2.0,6681,2,3,59.580619333059225
Roadways,1,4,4.3333285,1.6,2.0,7529,1,1,80.69492833596618
Waterways,1,9,2.377589,2.6,2.2,6227,2,3,82.52825806265463
Waterways,3,12,4.6713319,2.4000000000000004,2.2,9023,1,3,71.57588741497335
Railways,3,12,3.3376631,2.4,1.7999999999999998,6572,3,2,53.64422612220756
Railways,3,6,4.0945072,2.2,2.2,7262,2,2,59.34676447887587
Roadways,1,4,3.8313775,2.6,2.2,7238,1,1,69.9944457668809
Waterways,3,5,3.9444742,2.2,2.2,7307,1,3,78.45044109266914
Roadways,2,5,1.5366503,2.4000000000000004,2.2,8289,1,1,61.67276189651814
Railways,1,4,1.5691647,3.0,2.4,7596,3,2,53.57469000887234
Roadways,4,9,1.5876302,1.7999999999999998,2.0,8475,3,1,35.170846768085525
Roadways,3,8,1.2647226,2.8,2.6,6399,3,1,32.9865183614291
Railways,4,13,3.3719585,2.4000000000000004,2.4,8318,1,2,54.857357194895876
Waterways,2,11,3.117051,2.4,1.8,7962,1,3,85.69647919326567
Waterways,3,5,1.219891,2.4,1.8,8510,2,3,67.28599972589497
Roadways,3,11,1.4881912,2.6,3.0,6296,2,1,40.977112231575454
Waterways,4,12,1.5569961,2.0,2.4000000000000004,6022,3,3,55.71198776626056
Waterways,3,8,2.3161472,2.6,2.4,7214,1,3,72.94872072306016
Railways,3,11,2.6578513,1.7999999999999998,2.2,7979,1,2,70.74145405495085
Roadways,3,6,3.13902,2.2,2.2,7951,1,1,57.35878181962448
Railways,3,6,4.4535124,2.4000000000000004,2.4,9455,1,2,58.7893214458318
Waterways,2,7,4.9754846,2.4,2.2,8367,1,3,80.68122308541257
Railways,3,7,1.8193614,2.0,2.0,6375,2,2,65.75274285343316
Roadways,2,10,2.0291394,2.4,2.4,6147,1,1,65.92975698426781
Waterways,3,8,4.3332482,2.0,1.8000000000000003,9021,1,3,79.27506437861116
Roadways,3,6,2.4056242,2.2,2.4000000000000004,6397,1,1,59.91921115463128
Railways,4,5,2.9596507,2.6,2.4,9432,1,2,49.719763692627296
Roadways,1,8,2.7444862,1.7999999999999998,2.8,9939,3,1,44.891043258098726
Railways,2,3,3.7064941,2.2,2.4000000000000004,9862,2,2,57.134159976340406
Railways,2,3,2.8469422,2.6,2.4,6848,1,2,71.60055686596986
Railways,4,10,3.6637612,2.6,1.7999999999999998,8807,2,2,47.6763829679802
Railways,1,9,3.3641197,2.4,2.0,6387,3,2,66.67979485403907
Railways,1,2,2.4420637,2.6,2.2,9545,2,2,63.338021971680625
Roadways,1,2,2.5923322,2.0,2.4,6321,3,1,57.25346778905455
Roadways,3,11,2.8736739,2.6,2.4,8489,2,1,40.41966919853138
Roadways,4,5,2.9173923,2.6,2.0,6129,3,1,34.24639155179502
Railways,2,3,1.4369292,3.0,2.4,8265,3,2,44.43184523165479
Waterways,3,7,2.4134479,2.2,2.2,8322,3,3,56.288329618489094
Roadways,4,10,1.8098704,2.8,2.8,7747,3,1,19.961192501063962
Waterways,4,12,1.5067426,2.0,2.0,6219,1,3,78.22379952825085
Roadways,2,8,3.1891987,2.0,1.8000000000000003,7668,1,1,71.15794940598559
Roadways,2,6,2.4922079,2.6,2.0,6905,3,1,46.43252328089271
Railways,1,6,1.6459804,2.6,1.8,7439,3,2,63.644442520900505
Railways,1,3,2.0007849,2.6,2.4000000000000004,9101,2,2,62.69575065099941
Roadways,1,8,2.4934407,2.4,1.6,8159,2,1,65.4137182344752
Roadways,4,6,1.7974261,2.6,2.6,6148,3,1,28.421515800711227
Roadways,3,11,2.7233542,2.8,2.0,9322,2,1,39.93955263176877
Railways,2,6,1.3899999,2.4000000000000004,2.4,7229,1,2,72.42460308873066
Waterways,4,6,2.7376921,2.0,2.4,8554,3,3,48.40636789220459
Roadways,1,7,4.2296589,2.8,2.4000000000000004,7075,3,1,47.38453326408575
Railways,1,9,1.1693538,2.4,2.4000000000000004,9581,1,2,72.85090851384591
Roadways,1,7,1.45862,2.0,2.0,9444,2,1,61.70608729523273
Railways,1,8,1.3660209,2.4,2.2,8099,1,2,79.05029826953178
Waterways,1,9,3.171408,2.6,1.7999999999999998,6090,1,3,96.38700742247515
Railways,3,10,1.2009345,3.0,2.8,9789,3,2,28.975352188872776
Roadways,3,5,1.3401996,1.7999999999999998,2.2,7692,3,1,42.719265975633505
Roadways,2,9,1.0563849,2.2,2.4,7653,1,1,63.507822812750206
Roadways,1,10,2.6540051,1.7999999999999998,2.0,9946,3,1,52.564252378582296
Roadways,1,2,4.0935316,2.2,1.8,8338,1,1,74.51400460207887
Railways,4,11,2.3382248,2.2,2.4,6581,1,2,61.792502506618185
Waterways,1,9,3.979201,2.2,2.2,9389,1,3,86.86835024849783
Waterways,1,4,4.6719034,2.2,2.2,8291,2,3,80.41966919853138
Waterways,1,4,2.4927809,2.8,2.2,7027,1,3,87.91341166966018
Roadways,2,3,1.650762,2.2,2.6,7716,2,1,51.785938412931976
Waterways,4,11,3.8634299,2.4000000000000004,1.7999999999999998,7530,2,3,62.9010408777131
Waterways,2,7,2.8990535,2.4,2.4,7243,3,3,62.76745075126413
Roadways,3,7,3.6173559,2.2,2.2,9768,1,1,52.11616281837658
Waterways,2,9,2.9178907,2.6,3.0,9305,2,3,58.74128093599648
Waterways,1,9,2.1236814,2.4000000000000004,2.4000000000000004,9388,1,3,83.02453239849098
Railways,3,6,2.8818802,2.2,1.4,7127,1,2,77.04644637279723
Roadways,3,4,4.8263491,2.6,1.6,7657,1,1,60.130416278952325
Waterways,2,5,2.7441512,2.2,2.4000000000000004,7229,3,3,64.73119675690494
Railways,4,13,1.3548611,2.4,2.6,8052,2,2,44.08474172815996
